-- Generated by Craft v2.4.2696 on Oct 9, 2015, 11:58:33 PM.

--
-- Disable foreign key checks and autocommit.
--

SET FOREIGN_KEY_CHECKS = 0;
SET SQL_MODE = "NO_AUTO_VALUE_ON_ZERO";
SET AUTOCOMMIT = 0;
SET NAMES utf8;


DROP TABLE IF EXISTS `tmp_assetfiles`;


--
-- Schema for table `tmp_assetfiles`
--
CREATE TABLE `tmp_assetfiles` (
  `id` int(11) NOT NULL,
  `sourceId` int(11) DEFAULT NULL,
  `folderId` int(11) NOT NULL,
  `filename` varchar(255) COLLATE utf8_unicode_ci NOT NULL,
  `kind` varchar(50) COLLATE utf8_unicode_ci NOT NULL DEFAULT 'unknown',
  `width` smallint(6) unsigned DEFAULT NULL,
  `height` smallint(6) unsigned DEFAULT NULL,
  `size` int(11) unsigned DEFAULT NULL,
  `dateModified` datetime DEFAULT NULL,
  `dateCreated` datetime NOT NULL,
  `dateUpdated` datetime NOT NULL,
  `uid` char(36) COLLATE utf8_unicode_ci NOT NULL DEFAULT '0',
  PRIMARY KEY (`id`),
  UNIQUE KEY `tmp_assetfiles_filename_folderId_unq_idx` (`filename`,`folderId`),
  KEY `tmp_assetfiles_sourceId_fk` (`sourceId`),
  KEY `tmp_assetfiles_folderId_fk` (`folderId`)
) ENGINE=InnoDB DEFAULT CHARSET=utf8 COLLATE=utf8_unicode_ci;

--
-- Data for table `tmp_assetfiles`
--

INSERT INTO `tmp_assetfiles` (`id`, `sourceId`, `folderId`, `filename`, `kind`, `width`, `height`, `size`, `dateModified`, `dateCreated`, `dateUpdated`, `uid`) VALUES ('4', '1', '1', 'test-image.jpg', 'image', '500', '750', '103794', '2015-09-17 22:31:02', '2015-09-17 22:31:02', '2015-09-17 22:31:02', 'da0b2d3b-5176-45a3-9e50-02e4bce3308d');
INSERT INTO `tmp_assetfiles` (`id`, `sourceId`, `folderId`, `filename`, `kind`, `width`, `height`, `size`, `dateModified`, `dateCreated`, `dateUpdated`, `uid`) VALUES ('12', '1', '1', 'wide-image-test.jpg', 'image', '500', '334', '42009', '2015-09-25 02:09:26', '2015-09-25 02:09:26', '2015-09-25 02:09:26', 'b0a8dacc-c6c0-4cc0-842c-7d28ed0739ae');
INSERT INTO `tmp_assetfiles` (`id`, `sourceId`, `folderId`, `filename`, `kind`, `width`, `height`, `size`, `dateModified`, `dateCreated`, `dateUpdated`, `uid`) VALUES ('14', '1', '1', 'wide-image-test-2.jpg', 'image', '500', '334', '57174', '2015-09-25 02:39:21', '2015-09-25 02:39:21', '2015-09-25 02:39:21', 'e5b1dcda-b758-4040-9908-5cf178305513');
INSERT INTO `tmp_assetfiles` (`id`, `sourceId`, `folderId`, `filename`, `kind`, `width`, `height`, `size`, `dateModified`, `dateCreated`, `dateUpdated`, `uid`) VALUES ('16', '1', '1', 'test-image-2.jpg', 'image', '500', '750', '159723', '2015-09-25 03:26:01', '2015-09-25 03:26:01', '2015-09-25 03:26:01', 'c791554b-774b-4f7a-b213-4cde77b6d4b4');
INSERT INTO `tmp_assetfiles` (`id`, `sourceId`, `folderId`, `filename`, `kind`, `width`, `height`, `size`, `dateModified`, `dateCreated`, `dateUpdated`, `uid`) VALUES ('19', '1', '1', 'test-image1.jpg', 'image', '500', '750', '159723', '2015-09-25 06:01:17', '2015-09-25 06:01:17', '2015-09-25 06:01:17', '7a474881-eb7a-47df-937a-b06278dfe295');
INSERT INTO `tmp_assetfiles` (`id`, `sourceId`, `folderId`, `filename`, `kind`, `width`, `height`, `size`, `dateModified`, `dateCreated`, `dateUpdated`, `uid`) VALUES ('20', '1', '1', 'test-image2.jpg', 'image', '500', '750', '95666', '2015-09-25 06:01:18', '2015-09-25 06:01:18', '2015-09-25 06:01:18', '413ac661-fabd-4b44-a7ce-696081e457b9');
INSERT INTO `tmp_assetfiles` (`id`, `sourceId`, `folderId`, `filename`, `kind`, `width`, `height`, `size`, `dateModified`, `dateCreated`, `dateUpdated`, `uid`) VALUES ('21', '1', '1', 'test-image3.jpg', 'image', '500', '750', '85282', '2015-09-25 06:01:18', '2015-09-25 06:01:18', '2015-09-25 06:01:18', '4df341f7-4eae-4be5-9ce2-87406356fbc3');
INSERT INTO `tmp_assetfiles` (`id`, `sourceId`, `folderId`, `filename`, `kind`, `width`, `height`, `size`, `dateModified`, `dateCreated`, `dateUpdated`, `uid`) VALUES ('22', '1', '1', 'test-image4.jpg', 'image', '500', '750', '172931', '2015-09-25 06:01:18', '2015-09-25 06:01:19', '2015-09-25 06:01:19', '20ca6470-b0ab-4e34-bbb7-8d0933ca7504');
INSERT INTO `tmp_assetfiles` (`id`, `sourceId`, `folderId`, `filename`, `kind`, `width`, `height`, `size`, `dateModified`, `dateCreated`, `dateUpdated`, `uid`) VALUES ('23', '1', '1', 'test-image5.jpg', 'image', '500', '750', '116759', '2015-09-25 06:01:19', '2015-09-25 06:01:19', '2015-09-25 06:01:19', 'f57be75b-5dee-4c43-ab4a-72276b85f143');
INSERT INTO `tmp_assetfiles` (`id`, `sourceId`, `folderId`, `filename`, `kind`, `width`, `height`, `size`, `dateModified`, `dateCreated`, `dateUpdated`, `uid`) VALUES ('24', '1', '1', 'test-image6.jpg', 'image', '500', '750', '144069', '2015-09-25 06:01:19', '2015-09-25 06:01:19', '2015-09-25 06:01:19', '60aaa237-a506-4049-942d-53fbaa2a3db3');
INSERT INTO `tmp_assetfiles` (`id`, `sourceId`, `folderId`, `filename`, `kind`, `width`, `height`, `size`, `dateModified`, `dateCreated`, `dateUpdated`, `uid`) VALUES ('25', '1', '1', 'test-image7.jpg', 'image', '500', '334', '42009', '2015-09-25 06:01:20', '2015-09-25 06:01:20', '2015-09-25 06:01:20', 'd6aeb1ae-6b3d-4eb5-9249-4442cb56529f');
INSERT INTO `tmp_assetfiles` (`id`, `sourceId`, `folderId`, `filename`, `kind`, `width`, `height`, `size`, `dateModified`, `dateCreated`, `dateUpdated`, `uid`) VALUES ('33', '1', '1', 'about-test.jpg', 'image', '500', '318', '81751', '2015-09-25 23:09:29', '2015-09-25 23:09:29', '2015-09-25 23:09:29', '640df430-90e3-4307-9b7f-3e293ba78454');
INSERT INTO `tmp_assetfiles` (`id`, `sourceId`, `folderId`, `filename`, `kind`, `width`, `height`, `size`, `dateModified`, `dateCreated`, `dateUpdated`, `uid`) VALUES ('40', '1', '1', 'carnitas-test.jpg', 'image', '500', '750', '139879', '2015-09-28 05:23:44', '2015-09-28 05:23:44', '2015-09-28 05:23:44', '5f6cac28-62f3-4f8b-81c3-366b57a3e6bd');
INSERT INTO `tmp_assetfiles` (`id`, `sourceId`, `folderId`, `filename`, `kind`, `width`, `height`, `size`, `dateModified`, `dateCreated`, `dateUpdated`, `uid`) VALUES ('45', '1', '1', 'Skillet-Caramel-Apple-Crisp.pdf', 'pdf', NULL, NULL, '178709', '2015-09-29 05:45:20', '2015-09-29 05:45:20', '2015-09-29 05:45:20', '2dbb6ddb-a017-4ca7-aa6f-92b381350d19');
INSERT INTO `tmp_assetfiles` (`id`, `sourceId`, `folderId`, `filename`, `kind`, `width`, `height`, `size`, `dateModified`, `dateCreated`, `dateUpdated`, `uid`) VALUES ('67', '2', '2', 'tmp-photo.jpg', 'image', '610', '610', '129895', '2015-10-08 20:22:45', '2015-10-08 20:22:45', '2015-10-08 20:22:45', '53089126-28ec-4c14-8c55-37ca8a8ca253');
INSERT INTO `tmp_assetfiles` (`id`, `sourceId`, `folderId`, `filename`, `kind`, `width`, `height`, `size`, `dateModified`, `dateCreated`, `dateUpdated`, `uid`) VALUES ('70', '2', '3', 'make.svg', 'image', '91', '69', '1143', '2015-10-08 22:38:57', '2015-10-08 22:38:58', '2015-10-08 22:38:58', 'c3ea62ad-8547-4b67-a02e-772d38c6c64e');
INSERT INTO `tmp_assetfiles` (`id`, `sourceId`, `folderId`, `filename`, `kind`, `width`, `height`, `size`, `dateModified`, `dateCreated`, `dateUpdated`, `uid`) VALUES ('71', '2', '3', 'post.svg', 'image', '89', '71', '3413', '2015-10-08 22:38:58', '2015-10-08 22:38:58', '2015-10-08 22:38:58', '47f798b6-5322-4337-9188-aafc9b6c046c');
INSERT INTO `tmp_assetfiles` (`id`, `sourceId`, `folderId`, `filename`, `kind`, `width`, `height`, `size`, `dateModified`, `dateCreated`, `dateUpdated`, `uid`) VALUES ('72', '2', '3', 'share.svg', 'image', '94', '73', '1387', '2015-10-08 22:38:58', '2015-10-08 22:38:58', '2015-10-08 22:38:58', '9665334a-c3fc-40a1-b960-a14d9494f1ef');
INSERT INTO `tmp_assetfiles` (`id`, `sourceId`, `folderId`, `filename`, `kind`, `width`, `height`, `size`, `dateModified`, `dateCreated`, `dateUpdated`, `uid`) VALUES ('73', '2', '3', 'shoot.svg', 'image', '94', '58', '1583', '2015-10-08 22:38:58', '2015-10-08 22:38:58', '2015-10-08 22:38:58', '60c310b6-52b1-484d-a732-774c26e61531');



DROP TABLE IF EXISTS `tmp_assetfolders`;


--
-- Schema for table `tmp_assetfolders`
--
CREATE TABLE `tmp_assetfolders` (
  `id` int(11) NOT NULL AUTO_INCREMENT,
  `parentId` int(11) DEFAULT NULL,
  `sourceId` int(11) DEFAULT NULL,
  `name` varchar(255) COLLATE utf8_unicode_ci NOT NULL,
  `path` varchar(255) COLLATE utf8_unicode_ci DEFAULT NULL,
  `dateCreated` datetime NOT NULL,
  `dateUpdated` datetime NOT NULL,
  `uid` char(36) COLLATE utf8_unicode_ci NOT NULL DEFAULT '0',
  PRIMARY KEY (`id`),
  UNIQUE KEY `tmp_assetfolders_name_parentId_sourceId_unq_idx` (`name`,`parentId`,`sourceId`),
  KEY `tmp_assetfolders_parentId_fk` (`parentId`),
  KEY `tmp_assetfolders_sourceId_fk` (`sourceId`)
) ENGINE=InnoDB AUTO_INCREMENT=4 DEFAULT CHARSET=utf8 COLLATE=utf8_unicode_ci;

--
-- Data for table `tmp_assetfolders`
--

INSERT INTO `tmp_assetfolders` (`id`, `parentId`, `sourceId`, `name`, `path`, `dateCreated`, `dateUpdated`, `uid`) VALUES ('1', NULL, '1', 'Posts', '', '2015-09-17 22:22:51', '2015-09-17 22:22:51', '8b468ea9-c9c3-459a-9260-9a1fcf514f62');
INSERT INTO `tmp_assetfolders` (`id`, `parentId`, `sourceId`, `name`, `path`, `dateCreated`, `dateUpdated`, `uid`) VALUES ('2', NULL, '2', 'Global', '', '2015-10-08 19:54:01', '2015-10-08 19:54:01', '6de95d09-2873-4fec-9df6-4e91396477cc');
INSERT INTO `tmp_assetfolders` (`id`, `parentId`, `sourceId`, `name`, `path`, `dateCreated`, `dateUpdated`, `uid`) VALUES ('3', '2', '2', 'icons', 'icons/', '2015-10-08 22:38:38', '2015-10-08 22:38:38', '272cc4b0-f25b-4989-baff-592e9372cb6d');



DROP TABLE IF EXISTS `tmp_assetindexdata`;


--
-- Schema for table `tmp_assetindexdata`
--
CREATE TABLE `tmp_assetindexdata` (
  `id` int(11) NOT NULL AUTO_INCREMENT,
  `sessionId` varchar(36) COLLATE utf8_unicode_ci NOT NULL DEFAULT '',
  `sourceId` int(10) NOT NULL,
  `offset` int(10) NOT NULL,
  `uri` varchar(255) COLLATE utf8_unicode_ci DEFAULT NULL,
  `size` int(10) DEFAULT NULL,
  `recordId` int(10) DEFAULT NULL,
  `dateCreated` datetime NOT NULL,
  `dateUpdated` datetime NOT NULL,
  `uid` char(36) COLLATE utf8_unicode_ci NOT NULL DEFAULT '0',
  PRIMARY KEY (`id`),
  UNIQUE KEY `tmp_assetindexdata_sessionId_sourceId_offset_unq_idx` (`sessionId`,`sourceId`,`offset`),
  KEY `tmp_assetindexdata_sourceId_fk` (`sourceId`)
) ENGINE=InnoDB DEFAULT CHARSET=utf8 COLLATE=utf8_unicode_ci;

DROP TABLE IF EXISTS `tmp_assetsources`;


--
-- Schema for table `tmp_assetsources`
--
CREATE TABLE `tmp_assetsources` (
  `id` int(11) NOT NULL AUTO_INCREMENT,
  `name` varchar(255) COLLATE utf8_unicode_ci NOT NULL,
  `handle` varchar(255) COLLATE utf8_unicode_ci NOT NULL,
  `type` varchar(150) COLLATE utf8_unicode_ci NOT NULL,
  `settings` text COLLATE utf8_unicode_ci,
  `sortOrder` tinyint(4) DEFAULT NULL,
  `fieldLayoutId` int(10) DEFAULT NULL,
  `dateCreated` datetime NOT NULL,
  `dateUpdated` datetime NOT NULL,
  `uid` char(36) COLLATE utf8_unicode_ci NOT NULL DEFAULT '0',
  PRIMARY KEY (`id`),
  UNIQUE KEY `tmp_assetsources_name_unq_idx` (`name`),
  UNIQUE KEY `tmp_assetsources_handle_unq_idx` (`handle`),
  KEY `tmp_assetsources_fieldLayoutId_fk` (`fieldLayoutId`)
) ENGINE=InnoDB AUTO_INCREMENT=3 DEFAULT CHARSET=utf8 COLLATE=utf8_unicode_ci;

--
-- Data for table `tmp_assetsources`
--

INSERT INTO `tmp_assetsources` (`id`, `name`, `handle`, `type`, `settings`, `sortOrder`, `fieldLayoutId`, `dateCreated`, `dateUpdated`, `uid`) VALUES ('1', 'Posts', 'posts', 'Local', '{\"path\":\"assets\\/img\\/posts\\/\",\"url\":\"\\/assets\\/img\\/posts\\/\"}', '1', '8', '2015-09-17 22:22:51', '2015-09-17 22:43:11', '919bcc46-b5e6-4577-9c3e-33d843cb9c4c');
INSERT INTO `tmp_assetsources` (`id`, `name`, `handle`, `type`, `settings`, `sortOrder`, `fieldLayoutId`, `dateCreated`, `dateUpdated`, `uid`) VALUES ('2', 'Global', 'global', 'Local', '{\"path\":\"assets\\/img\\/global\\/\",\"url\":\"\\/assets\\/img\\/global\\/\"}', '2', '109', '2015-10-08 19:54:01', '2015-10-08 20:03:48', '5c10fbc3-c5a6-4b36-bf71-2aefc0e466ed');



DROP TABLE IF EXISTS `tmp_assettransformindex`;


--
-- Schema for table `tmp_assettransformindex`
--
CREATE TABLE `tmp_assettransformindex` (
  `id` int(11) NOT NULL AUTO_INCREMENT,
  `fileId` int(11) NOT NULL,
  `filename` varchar(255) COLLATE utf8_unicode_ci DEFAULT NULL,
  `format` varchar(255) COLLATE utf8_unicode_ci DEFAULT NULL,
  `location` varchar(255) COLLATE utf8_unicode_ci NOT NULL,
  `sourceId` int(11) DEFAULT NULL,
  `fileExists` tinyint(1) DEFAULT NULL,
  `inProgress` tinyint(1) DEFAULT NULL,
  `dateIndexed` datetime DEFAULT NULL,
  `dateCreated` datetime NOT NULL,
  `dateUpdated` datetime NOT NULL,
  `uid` char(36) COLLATE utf8_unicode_ci NOT NULL DEFAULT '0',
  PRIMARY KEY (`id`),
  KEY `tmp_assettransformindex_sourceId_fileId_location_idx` (`sourceId`,`fileId`,`location`)
) ENGINE=InnoDB AUTO_INCREMENT=14 DEFAULT CHARSET=utf8 COLLATE=utf8_unicode_ci;

DROP TABLE IF EXISTS `tmp_assettransforms`;


--
-- Schema for table `tmp_assettransforms`
--
CREATE TABLE `tmp_assettransforms` (
  `id` int(11) NOT NULL AUTO_INCREMENT,
  `name` varchar(255) COLLATE utf8_unicode_ci NOT NULL,
  `handle` varchar(255) COLLATE utf8_unicode_ci NOT NULL,
  `mode` enum('stretch','fit','crop') COLLATE utf8_unicode_ci NOT NULL DEFAULT 'crop',
  `position` enum('top-left','top-center','top-right','center-left','center-center','center-right','bottom-left','bottom-center','bottom-right') COLLATE utf8_unicode_ci NOT NULL DEFAULT 'center-center',
  `height` int(10) DEFAULT NULL,
  `width` int(10) DEFAULT NULL,
  `format` varchar(255) COLLATE utf8_unicode_ci DEFAULT NULL,
  `quality` int(10) DEFAULT NULL,
  `dimensionChangeTime` datetime DEFAULT NULL,
  `dateCreated` datetime NOT NULL,
  `dateUpdated` datetime NOT NULL,
  `uid` char(36) COLLATE utf8_unicode_ci NOT NULL DEFAULT '0',
  PRIMARY KEY (`id`),
  UNIQUE KEY `tmp_assettransforms_name_unq_idx` (`name`),
  UNIQUE KEY `tmp_assettransforms_handle_unq_idx` (`handle`)
) ENGINE=InnoDB AUTO_INCREMENT=3 DEFAULT CHARSET=utf8 COLLATE=utf8_unicode_ci;

--
-- Data for table `tmp_assettransforms`
--

INSERT INTO `tmp_assettransforms` (`id`, `name`, `handle`, `mode`, `position`, `height`, `width`, `format`, `quality`, `dimensionChangeTime`, `dateCreated`, `dateUpdated`, `uid`) VALUES ('1', 'Home Feature', 'homeFeature', 'crop', 'center-center', '930', '620', 'jpg', '100', '2015-10-08 19:31:50', '2015-10-08 19:26:51', '2015-10-08 19:31:50', '4cdc839b-7d46-4cd8-bb59-bafa698f4e68');
INSERT INTO `tmp_assettransforms` (`id`, `name`, `handle`, `mode`, `position`, `height`, `width`, `format`, `quality`, `dimensionChangeTime`, `dateCreated`, `dateUpdated`, `uid`) VALUES ('2', 'Aside Photo', 'asidePhoto', 'crop', 'center-center', '250', '250', 'jpg', '100', '2015-10-08 19:50:48', '2015-10-08 19:50:48', '2015-10-08 19:50:48', '3b264b1b-4c76-4929-b2f4-a20837153a4a');



DROP TABLE IF EXISTS `tmp_categories`;


--
-- Schema for table `tmp_categories`
--
CREATE TABLE `tmp_categories` (
  `id` int(11) NOT NULL,
  `groupId` int(11) NOT NULL,
  `dateCreated` datetime NOT NULL,
  `dateUpdated` datetime NOT NULL,
  `uid` char(36) COLLATE utf8_unicode_ci NOT NULL DEFAULT '0',
  PRIMARY KEY (`id`),
  KEY `tmp_categories_groupId_fk` (`groupId`)
) ENGINE=InnoDB DEFAULT CHARSET=utf8 COLLATE=utf8_unicode_ci;

--
-- Data for table `tmp_categories`
--

INSERT INTO `tmp_categories` (`id`, `groupId`, `dateCreated`, `dateUpdated`, `uid`) VALUES ('47', '2', '2015-10-04 19:35:02', '2015-10-04 19:35:02', '8b46e934-17ec-40ce-9585-abeb9bdebb4d');
INSERT INTO `tmp_categories` (`id`, `groupId`, `dateCreated`, `dateUpdated`, `uid`) VALUES ('48', '2', '2015-10-04 19:35:08', '2015-10-04 20:02:54', '0725aeb9-3f1c-4a9d-bce0-21df26799a3c');
INSERT INTO `tmp_categories` (`id`, `groupId`, `dateCreated`, `dateUpdated`, `uid`) VALUES ('49', '2', '2015-10-04 19:35:39', '2015-10-04 19:35:39', 'a99750a9-c503-41b3-b4ad-37607609d615');
INSERT INTO `tmp_categories` (`id`, `groupId`, `dateCreated`, `dateUpdated`, `uid`) VALUES ('51', '2', '2015-10-04 19:36:04', '2015-10-04 20:03:05', 'd8865b71-a408-4a53-bc37-9dbbc0a2abcc');
INSERT INTO `tmp_categories` (`id`, `groupId`, `dateCreated`, `dateUpdated`, `uid`) VALUES ('52', '2', '2015-10-04 20:02:32', '2015-10-04 20:02:32', '44e5491e-2d67-446e-9c29-1a38212195d4');
INSERT INTO `tmp_categories` (`id`, `groupId`, `dateCreated`, `dateUpdated`, `uid`) VALUES ('53', '2', '2015-10-04 20:06:12', '2015-10-04 20:06:12', '2f6bb226-b3f4-4518-b2d6-76ba25a81f52');
INSERT INTO `tmp_categories` (`id`, `groupId`, `dateCreated`, `dateUpdated`, `uid`) VALUES ('54', '2', '2015-10-04 20:06:19', '2015-10-04 20:06:19', '47460fc3-832b-40c7-80a2-038b52e1d1d9');
INSERT INTO `tmp_categories` (`id`, `groupId`, `dateCreated`, `dateUpdated`, `uid`) VALUES ('55', '2', '2015-10-04 20:06:23', '2015-10-04 20:06:23', '6a4421e5-154f-4e7f-8a13-1f4cc211847a');
INSERT INTO `tmp_categories` (`id`, `groupId`, `dateCreated`, `dateUpdated`, `uid`) VALUES ('56', '2', '2015-10-04 20:06:26', '2015-10-04 20:06:26', 'a35f8c84-db05-4820-bdde-4d7587c711e8');
INSERT INTO `tmp_categories` (`id`, `groupId`, `dateCreated`, `dateUpdated`, `uid`) VALUES ('57', '2', '2015-10-04 20:06:30', '2015-10-04 20:06:30', 'b4cddd02-047e-4be0-9f2a-61a75fd4cf73');
INSERT INTO `tmp_categories` (`id`, `groupId`, `dateCreated`, `dateUpdated`, `uid`) VALUES ('58', '2', '2015-10-04 20:06:43', '2015-10-04 20:06:43', 'a25d06bb-df9f-43bd-97ed-c75e31f1e2fb');
INSERT INTO `tmp_categories` (`id`, `groupId`, `dateCreated`, `dateUpdated`, `uid`) VALUES ('61', '2', '2015-10-04 20:14:16', '2015-10-04 20:14:16', '6ab6f03d-3d52-44fe-b358-2fa506641605');
INSERT INTO `tmp_categories` (`id`, `groupId`, `dateCreated`, `dateUpdated`, `uid`) VALUES ('63', '2', '2015-10-06 03:38:33', '2015-10-06 03:38:33', '943cf699-aa30-483c-bcc0-f48b7c2e49ef');
INSERT INTO `tmp_categories` (`id`, `groupId`, `dateCreated`, `dateUpdated`, `uid`) VALUES ('64', '2', '2015-10-06 03:39:22', '2015-10-06 03:39:22', '9d3562a3-61f8-4c88-9553-8b6da7da633c');



DROP TABLE IF EXISTS `tmp_categorygroups`;


--
-- Schema for table `tmp_categorygroups`
--
CREATE TABLE `tmp_categorygroups` (
  `id` int(11) NOT NULL AUTO_INCREMENT,
  `structureId` int(11) NOT NULL,
  `fieldLayoutId` int(11) DEFAULT NULL,
  `name` varchar(255) COLLATE utf8_unicode_ci NOT NULL,
  `handle` varchar(255) COLLATE utf8_unicode_ci NOT NULL,
  `hasUrls` tinyint(1) unsigned NOT NULL DEFAULT '1',
  `template` varchar(500) COLLATE utf8_unicode_ci DEFAULT NULL,
  `dateCreated` datetime NOT NULL,
  `dateUpdated` datetime NOT NULL,
  `uid` char(36) COLLATE utf8_unicode_ci NOT NULL DEFAULT '0',
  PRIMARY KEY (`id`),
  UNIQUE KEY `tmp_categorygroups_name_unq_idx` (`name`),
  UNIQUE KEY `tmp_categorygroups_handle_unq_idx` (`handle`),
  KEY `tmp_categorygroups_structureId_fk` (`structureId`),
  KEY `tmp_categorygroups_fieldLayoutId_fk` (`fieldLayoutId`)
) ENGINE=InnoDB AUTO_INCREMENT=3 DEFAULT CHARSET=utf8 COLLATE=utf8_unicode_ci;

--
-- Data for table `tmp_categorygroups`
--

INSERT INTO `tmp_categorygroups` (`id`, `structureId`, `fieldLayoutId`, `name`, `handle`, `hasUrls`, `template`, `dateCreated`, `dateUpdated`, `uid`) VALUES ('2', '2', '100', 'Recipes', 'recipes', '1', '', '2015-10-04 19:34:41', '2015-10-04 19:57:09', 'd580a186-3742-42d5-85e6-f9db96575bd3');



DROP TABLE IF EXISTS `tmp_categorygroups_i18n`;


--
-- Schema for table `tmp_categorygroups_i18n`
--
CREATE TABLE `tmp_categorygroups_i18n` (
  `id` int(11) NOT NULL AUTO_INCREMENT,
  `groupId` int(11) NOT NULL,
  `locale` char(12) COLLATE utf8_unicode_ci NOT NULL,
  `urlFormat` varchar(255) COLLATE utf8_unicode_ci DEFAULT NULL,
  `nestedUrlFormat` varchar(255) COLLATE utf8_unicode_ci DEFAULT NULL,
  `dateCreated` datetime NOT NULL,
  `dateUpdated` datetime NOT NULL,
  `uid` char(36) COLLATE utf8_unicode_ci NOT NULL DEFAULT '0',
  PRIMARY KEY (`id`),
  UNIQUE KEY `tmp_categorygroups_i18n_groupId_locale_unq_idx` (`groupId`,`locale`),
  KEY `tmp_categorygroups_i18n_locale_fk` (`locale`)
) ENGINE=InnoDB AUTO_INCREMENT=3 DEFAULT CHARSET=utf8 COLLATE=utf8_unicode_ci;

--
-- Data for table `tmp_categorygroups_i18n`
--

INSERT INTO `tmp_categorygroups_i18n` (`id`, `groupId`, `locale`, `urlFormat`, `nestedUrlFormat`, `dateCreated`, `dateUpdated`, `uid`) VALUES ('2', '2', 'en_us', 'recipes/{slug}', '{parent.uri}/{slug}', '2015-10-04 19:34:41', '2015-10-04 19:56:53', '40b278ae-295e-43bb-b157-a539283935ae');



DROP TABLE IF EXISTS `tmp_content`;


--
-- Schema for table `tmp_content`
--
CREATE TABLE `tmp_content` (
  `id` int(11) NOT NULL AUTO_INCREMENT,
  `elementId` int(11) NOT NULL,
  `locale` char(12) COLLATE utf8_unicode_ci NOT NULL,
  `title` varchar(255) COLLATE utf8_unicode_ci DEFAULT NULL,
  `field_body` text COLLATE utf8_unicode_ci,
  `field_postSummary` varchar(200) COLLATE utf8_unicode_ci DEFAULT NULL,
  `field_pageDescription` varchar(140) COLLATE utf8_unicode_ci DEFAULT NULL,
  `field_pageTitle` text COLLATE utf8_unicode_ci,
  `field_siteDescription` varchar(140) COLLATE utf8_unicode_ci DEFAULT NULL,
  `field_siteKeywords` text COLLATE utf8_unicode_ci,
  `field_sectionTitle` text COLLATE utf8_unicode_ci,
  `field_sectionSubtitle` text COLLATE utf8_unicode_ci,
  `field_asideTitle` text COLLATE utf8_unicode_ci,
  `field_asideBlurb` varchar(200) COLLATE utf8_unicode_ci DEFAULT NULL,
  `dateCreated` datetime NOT NULL,
  `dateUpdated` datetime NOT NULL,
  `uid` char(36) COLLATE utf8_unicode_ci NOT NULL DEFAULT '0',
  PRIMARY KEY (`id`),
  UNIQUE KEY `tmp_content_elementId_locale_unq_idx` (`elementId`,`locale`),
  KEY `tmp_content_title_idx` (`title`),
  KEY `tmp_content_locale_fk` (`locale`)
) ENGINE=InnoDB AUTO_INCREMENT=54 DEFAULT CHARSET=utf8 COLLATE=utf8_unicode_ci;

--
-- Data for table `tmp_content`
--

INSERT INTO `tmp_content` (`id`, `elementId`, `locale`, `title`, `field_body`, `field_postSummary`, `field_pageDescription`, `field_pageTitle`, `field_siteDescription`, `field_siteKeywords`, `field_sectionTitle`, `field_sectionSubtitle`, `field_asideTitle`, `field_asideBlurb`, `dateCreated`, `dateUpdated`, `uid`) VALUES ('1', '1', 'en_us', NULL, NULL, NULL, NULL, NULL, NULL, NULL, NULL, NULL, NULL, NULL, '2015-09-01 17:29:50', '2015-09-01 17:29:50', '36354d52-487f-499c-a864-b620a9c0457b');
INSERT INTO `tmp_content` (`id`, `elementId`, `locale`, `title`, `field_body`, `field_postSummary`, `field_pageDescription`, `field_pageTitle`, `field_siteDescription`, `field_siteKeywords`, `field_sectionTitle`, `field_sectionSubtitle`, `field_asideTitle`, `field_asideBlurb`, `dateCreated`, `dateUpdated`, `uid`) VALUES ('2', '2', 'en_us', 'Home', '<p>It’s true, this site doesn’t have a whole lot of content yet, but don’t worry. Our web developers have just installed the CMS, and they’re setting things up for the content editors this very moment. Soon Tmp.craft.dev will be an oasis of fresh perspectives, sharp analyses, and astute opinions that will keep you coming back again and again.</p>', NULL, NULL, NULL, NULL, NULL, NULL, NULL, NULL, NULL, '2015-09-01 17:29:53', '2015-09-25 23:00:06', 'e94e2cc9-8c5d-4b01-bd96-ed856020dad6');
INSERT INTO `tmp_content` (`id`, `elementId`, `locale`, `title`, `field_body`, `field_postSummary`, `field_pageDescription`, `field_pageTitle`, `field_siteDescription`, `field_siteKeywords`, `field_sectionTitle`, `field_sectionSubtitle`, `field_asideTitle`, `field_asideBlurb`, `dateCreated`, `dateUpdated`, `uid`) VALUES ('3', '3', 'en_us', 'Super cool blog post title here', '<p>Craft is the CMS that’s powering Tmp.craft.dev. It’s beautiful, powerful, flexible, and easy-to-use, and it’s made by Pixel &amp; Tonic. We can’t wait to dive in and see what it’s capable of!</p><!--pagebreak--><p>This is even more captivating content, which you couldn’t see on the News index page because it was entered after a Page Break, and the News index template only likes to show the content on the first page.</p><p>Craft: a nice alternative to Word, if you’re making a website.</p>', 'Unam incolunt Belgae, aliam Aquitani, tertiam. Nihilne te nocturnum praesidium Palati, nihil urbis vigiliae. Vivamus sagittis lacus vel augue laoreet rutrum faucibus. Unam incolunt Belgae, aliam Aqui.', '', '', NULL, NULL, NULL, NULL, NULL, NULL, '2015-09-01 17:29:53', '2015-10-09 01:06:20', '2a42cd06-4259-4bc7-b266-10af50c4a954');
INSERT INTO `tmp_content` (`id`, `elementId`, `locale`, `title`, `field_body`, `field_postSummary`, `field_pageDescription`, `field_pageTitle`, `field_siteDescription`, `field_siteKeywords`, `field_sectionTitle`, `field_sectionSubtitle`, `field_asideTitle`, `field_asideBlurb`, `dateCreated`, `dateUpdated`, `uid`) VALUES ('4', '4', 'en_us', 'test-image', NULL, NULL, NULL, NULL, NULL, NULL, NULL, NULL, NULL, NULL, '2015-09-17 22:31:02', '2015-09-17 22:31:02', 'e8835322-b894-4b6c-950f-41dabbb040f7');
INSERT INTO `tmp_content` (`id`, `elementId`, `locale`, `title`, `field_body`, `field_postSummary`, `field_pageDescription`, `field_pageTitle`, `field_siteDescription`, `field_siteKeywords`, `field_sectionTitle`, `field_sectionSubtitle`, `field_asideTitle`, `field_asideBlurb`, `dateCreated`, `dateUpdated`, `uid`) VALUES ('5', '5', 'en_us', 'Great title for a blog post', NULL, 'Unam incolunt Belgae, aliam Aquitani, tertiam. Nihilne te nocturnum praesidium Palati, nihil urbis vigiliae. Vivamus sagittis lacus vel augue laoreet rutrum faucibus. Ullamco laboris nisi Apple.', '', '', NULL, NULL, NULL, NULL, NULL, NULL, '2015-09-17 22:57:24', '2015-10-08 05:16:36', '43de2284-f6d4-4db1-8fd9-27ee99b83f00');
INSERT INTO `tmp_content` (`id`, `elementId`, `locale`, `title`, `field_body`, `field_postSummary`, `field_pageDescription`, `field_pageTitle`, `field_siteDescription`, `field_siteKeywords`, `field_sectionTitle`, `field_sectionSubtitle`, `field_asideTitle`, `field_asideBlurb`, `dateCreated`, `dateUpdated`, `uid`) VALUES ('6', '6', 'en_us', 'Skillet Caramel Apple Crisp', NULL, 'Tomorrow is the first day of fall and this delicious skillet-full of sweet apple goodness will match the crisp, cool air perfectly. It\'s easy as pie and just as wonderful.', '', '', NULL, NULL, NULL, NULL, NULL, NULL, '2015-09-17 23:59:53', '2015-10-09 01:06:05', '0db316b0-67bd-49b8-ac7b-cd2215f461d5');
INSERT INTO `tmp_content` (`id`, `elementId`, `locale`, `title`, `field_body`, `field_postSummary`, `field_pageDescription`, `field_pageTitle`, `field_siteDescription`, `field_siteKeywords`, `field_sectionTitle`, `field_sectionSubtitle`, `field_asideTitle`, `field_asideBlurb`, `dateCreated`, `dateUpdated`, `uid`) VALUES ('7', '12', 'en_us', 'wide-image-test', NULL, NULL, NULL, NULL, NULL, NULL, NULL, NULL, NULL, NULL, '2015-09-25 02:09:26', '2015-09-25 02:09:26', '7325fd48-d30b-43e7-8630-4e9b3a4d49ec');
INSERT INTO `tmp_content` (`id`, `elementId`, `locale`, `title`, `field_body`, `field_postSummary`, `field_pageDescription`, `field_pageTitle`, `field_siteDescription`, `field_siteKeywords`, `field_sectionTitle`, `field_sectionSubtitle`, `field_asideTitle`, `field_asideBlurb`, `dateCreated`, `dateUpdated`, `uid`) VALUES ('8', '14', 'en_us', 'wide-image-test-2', NULL, NULL, NULL, NULL, NULL, NULL, NULL, NULL, NULL, NULL, '2015-09-25 02:39:21', '2015-09-25 02:39:21', '32fc5481-50a4-47b4-8bf2-e90bb09fbf75');
INSERT INTO `tmp_content` (`id`, `elementId`, `locale`, `title`, `field_body`, `field_postSummary`, `field_pageDescription`, `field_pageTitle`, `field_siteDescription`, `field_siteKeywords`, `field_sectionTitle`, `field_sectionSubtitle`, `field_asideTitle`, `field_asideBlurb`, `dateCreated`, `dateUpdated`, `uid`) VALUES ('9', '16', 'en_us', 'test-image-2', NULL, NULL, NULL, NULL, NULL, NULL, NULL, NULL, NULL, NULL, '2015-09-25 03:26:01', '2015-09-25 03:26:01', 'b242550e-9507-492e-bc0d-bf869fcb5f1f');
INSERT INTO `tmp_content` (`id`, `elementId`, `locale`, `title`, `field_body`, `field_postSummary`, `field_pageDescription`, `field_pageTitle`, `field_siteDescription`, `field_siteKeywords`, `field_sectionTitle`, `field_sectionSubtitle`, `field_asideTitle`, `field_asideBlurb`, `dateCreated`, `dateUpdated`, `uid`) VALUES ('10', '19', 'en_us', 'test-image1', NULL, NULL, NULL, NULL, NULL, NULL, NULL, NULL, NULL, NULL, '2015-09-25 06:01:17', '2015-09-25 06:01:17', '858af325-cf3f-434a-a5c3-54432e67bcae');
INSERT INTO `tmp_content` (`id`, `elementId`, `locale`, `title`, `field_body`, `field_postSummary`, `field_pageDescription`, `field_pageTitle`, `field_siteDescription`, `field_siteKeywords`, `field_sectionTitle`, `field_sectionSubtitle`, `field_asideTitle`, `field_asideBlurb`, `dateCreated`, `dateUpdated`, `uid`) VALUES ('11', '20', 'en_us', 'test-image2', NULL, NULL, NULL, NULL, NULL, NULL, NULL, NULL, NULL, NULL, '2015-09-25 06:01:18', '2015-09-25 06:01:18', 'cc3f5874-0ed9-4311-b716-b7092d582b8d');
INSERT INTO `tmp_content` (`id`, `elementId`, `locale`, `title`, `field_body`, `field_postSummary`, `field_pageDescription`, `field_pageTitle`, `field_siteDescription`, `field_siteKeywords`, `field_sectionTitle`, `field_sectionSubtitle`, `field_asideTitle`, `field_asideBlurb`, `dateCreated`, `dateUpdated`, `uid`) VALUES ('12', '21', 'en_us', 'test-image3', NULL, NULL, NULL, NULL, NULL, NULL, NULL, NULL, NULL, NULL, '2015-09-25 06:01:18', '2015-09-25 06:01:18', '50a6e2d1-2667-46ab-b1b7-a970f2285c30');
INSERT INTO `tmp_content` (`id`, `elementId`, `locale`, `title`, `field_body`, `field_postSummary`, `field_pageDescription`, `field_pageTitle`, `field_siteDescription`, `field_siteKeywords`, `field_sectionTitle`, `field_sectionSubtitle`, `field_asideTitle`, `field_asideBlurb`, `dateCreated`, `dateUpdated`, `uid`) VALUES ('13', '22', 'en_us', 'test-image4', NULL, NULL, NULL, NULL, NULL, NULL, NULL, NULL, NULL, NULL, '2015-09-25 06:01:19', '2015-09-25 06:01:19', 'a71f2522-422e-4d3f-94fc-623ba2f68ebc');
INSERT INTO `tmp_content` (`id`, `elementId`, `locale`, `title`, `field_body`, `field_postSummary`, `field_pageDescription`, `field_pageTitle`, `field_siteDescription`, `field_siteKeywords`, `field_sectionTitle`, `field_sectionSubtitle`, `field_asideTitle`, `field_asideBlurb`, `dateCreated`, `dateUpdated`, `uid`) VALUES ('14', '23', 'en_us', 'test-image5', NULL, NULL, NULL, NULL, NULL, NULL, NULL, NULL, NULL, NULL, '2015-09-25 06:01:19', '2015-09-25 06:01:19', '3b6013d2-6818-47c0-b770-09bb3c10b896');
INSERT INTO `tmp_content` (`id`, `elementId`, `locale`, `title`, `field_body`, `field_postSummary`, `field_pageDescription`, `field_pageTitle`, `field_siteDescription`, `field_siteKeywords`, `field_sectionTitle`, `field_sectionSubtitle`, `field_asideTitle`, `field_asideBlurb`, `dateCreated`, `dateUpdated`, `uid`) VALUES ('15', '24', 'en_us', 'test-image6', NULL, NULL, NULL, NULL, NULL, NULL, NULL, NULL, NULL, NULL, '2015-09-25 06:01:19', '2015-09-25 06:01:19', '68ca5abf-befd-4ee6-a2fc-a9b5b5bf0ecd');
INSERT INTO `tmp_content` (`id`, `elementId`, `locale`, `title`, `field_body`, `field_postSummary`, `field_pageDescription`, `field_pageTitle`, `field_siteDescription`, `field_siteKeywords`, `field_sectionTitle`, `field_sectionSubtitle`, `field_asideTitle`, `field_asideBlurb`, `dateCreated`, `dateUpdated`, `uid`) VALUES ('16', '25', 'en_us', 'test-image7', NULL, NULL, NULL, NULL, NULL, NULL, NULL, NULL, NULL, NULL, '2015-09-25 06:01:20', '2015-09-25 06:01:20', '80da64b3-4dc5-4742-a58b-5fda84de7489');
INSERT INTO `tmp_content` (`id`, `elementId`, `locale`, `title`, `field_body`, `field_postSummary`, `field_pageDescription`, `field_pageTitle`, `field_siteDescription`, `field_siteKeywords`, `field_sectionTitle`, `field_sectionSubtitle`, `field_asideTitle`, `field_asideBlurb`, `dateCreated`, `dateUpdated`, `uid`) VALUES ('17', '31', 'en_us', 'About', '<h4>“If there is any concept worth restoring to its original depth and evocative potential, it is the concept of hospitality.” ~Henri Nowen</h4><h2>Our hope</h2><p>The Modern Proper’s mission is to reinvent proper and the lost art of hospitality for the modern homemaker. While the meticulous rules of etiquette formed centuries ago had their place and value, our goal is not merely to reimpose those arduous practices but rather re-introduce you to the heart and original intent behind them– bringing people together. </p><p>We believe that sharing food and your home leads to sharing life. Inviting others around your table is a beautiful way to strengthen friendships and build community. It’s time to change the way people think about hospitality, one delicious meal at a time.<br>\r\n</p><h2>Our story</h2><p>The Modern Proper team consists of two mothers, five children, and one great Pacific Northwest. It was while on one of our many trail walks, splashing through streams and hunting for blackberries with our then 4 children, that The Modern Proper was born. We found ourselves having our hundredth-something conversation about what we could make with what we’d foraged when the topic shifted towards blogging. We both shared stories of our past solo-blogging failures and decided that if we worked together, we’d find our aspirations much easier to attain. </p><p>With our shared love for food, hosting, creating and gathering people, we set out to make The Modern Proper. Together, we’re able to balance our five, rambunctious kiddos and regular, relevant posts in time for you to read. A true team effort, the creation of most of these posts involve one person stirring tirelessly on the stove or balancing on a stool with a camera in hand, while the other entertains the kids. </p><p>At The Modern Proper, our cooking always consists of seasonal foods. We are native Northwestern foragers and thus, always out to find the freshest and most delicious items for our meals. Most of the recipes you’ll find here are from scratch, written and developed by us, or adapted from recipes that have inspired us in the past. </p><p>Though food is our first love, we believe every aspect of homemaking deserves proper tending to. From crafting to organizing local adventures for our kids, our content involves beauty and connecting with those around us. </p><p>If you are a homemaker today with a similar passion for hospitality, we welcome you to join us in making the home just a little bit warmer and more inviting. </p><h3>– Natalie & Holly</h3><p><a href=\"mailto:hello@themodernproper.com?subject=Hey%20Ladies\">hello@themodernproper.com</a></p>', NULL, NULL, NULL, NULL, NULL, NULL, NULL, NULL, NULL, '2015-09-25 22:59:09', '2015-09-26 04:36:50', 'cf8b7058-09c1-46b8-81bb-7c044c0a2fc9');
INSERT INTO `tmp_content` (`id`, `elementId`, `locale`, `title`, `field_body`, `field_postSummary`, `field_pageDescription`, `field_pageTitle`, `field_siteDescription`, `field_siteKeywords`, `field_sectionTitle`, `field_sectionSubtitle`, `field_asideTitle`, `field_asideBlurb`, `dateCreated`, `dateUpdated`, `uid`) VALUES ('18', '33', 'en_us', 'about-test', NULL, NULL, NULL, NULL, NULL, NULL, NULL, NULL, NULL, NULL, '2015-09-25 23:09:29', '2015-09-25 23:09:29', '35c37b0e-fa9a-422a-ac17-2e32b4889946');
INSERT INTO `tmp_content` (`id`, `elementId`, `locale`, `title`, `field_body`, `field_postSummary`, `field_pageDescription`, `field_pageTitle`, `field_siteDescription`, `field_siteKeywords`, `field_sectionTitle`, `field_sectionSubtitle`, `field_asideTitle`, `field_asideBlurb`, `dateCreated`, `dateUpdated`, `uid`) VALUES ('19', '34', 'en_us', NULL, NULL, NULL, NULL, NULL, 'Our mission is to reinvent proper for the modern homemaker. Let\'s change the way we think about hospitality, one delicious meal at a time.', 'food, recipes, craft, diy, linens', NULL, NULL, NULL, NULL, '2015-09-26 20:53:54', '2015-10-08 19:35:02', 'c204829d-8988-4dee-a48e-199310a834e6');
INSERT INTO `tmp_content` (`id`, `elementId`, `locale`, `title`, `field_body`, `field_postSummary`, `field_pageDescription`, `field_pageTitle`, `field_siteDescription`, `field_siteKeywords`, `field_sectionTitle`, `field_sectionSubtitle`, `field_asideTitle`, `field_asideBlurb`, `dateCreated`, `dateUpdated`, `uid`) VALUES ('20', '35', 'en_us', NULL, NULL, NULL, NULL, NULL, NULL, NULL, NULL, NULL, NULL, NULL, '2015-09-27 16:59:24', '2015-10-06 03:28:58', 'eedabaa9-1a64-434b-a172-1ae0875c02ac');
INSERT INTO `tmp_content` (`id`, `elementId`, `locale`, `title`, `field_body`, `field_postSummary`, `field_pageDescription`, `field_pageTitle`, `field_siteDescription`, `field_siteKeywords`, `field_sectionTitle`, `field_sectionSubtitle`, `field_asideTitle`, `field_asideBlurb`, `dateCreated`, `dateUpdated`, `uid`) VALUES ('21', '40', 'en_us', 'carnitas-test', NULL, NULL, NULL, NULL, NULL, NULL, NULL, NULL, NULL, NULL, '2015-09-28 05:23:44', '2015-09-28 05:23:44', '363a028d-1c63-4305-b673-425b5890faa6');
INSERT INTO `tmp_content` (`id`, `elementId`, `locale`, `title`, `field_body`, `field_postSummary`, `field_pageDescription`, `field_pageTitle`, `field_siteDescription`, `field_siteKeywords`, `field_sectionTitle`, `field_sectionSubtitle`, `field_asideTitle`, `field_asideBlurb`, `dateCreated`, `dateUpdated`, `uid`) VALUES ('22', '41', 'en_us', 'Carnitas Sweet Potato Hash with Green Sriracha', NULL, 'We paired up with the Hatchery Marketplace to create this wonderful (and healthy carnitas breakfast. We loved getting to know them and their Green Sriracha sauce took it over the top.', '', '', NULL, NULL, NULL, NULL, NULL, NULL, '2015-09-28 05:27:24', '2015-10-08 05:15:58', 'a61ba019-2906-4d94-8756-9a2e13645fce');
INSERT INTO `tmp_content` (`id`, `elementId`, `locale`, `title`, `field_body`, `field_postSummary`, `field_pageDescription`, `field_pageTitle`, `field_siteDescription`, `field_siteKeywords`, `field_sectionTitle`, `field_sectionSubtitle`, `field_asideTitle`, `field_asideBlurb`, `dateCreated`, `dateUpdated`, `uid`) VALUES ('24', '45', 'en_us', 'Skillet-Caramel-Apple-Crisp', NULL, NULL, NULL, NULL, NULL, NULL, NULL, NULL, NULL, NULL, '2015-09-29 05:45:20', '2015-09-29 05:45:20', '35dde2f1-49af-47c7-adfc-077bbef66e84');
INSERT INTO `tmp_content` (`id`, `elementId`, `locale`, `title`, `field_body`, `field_postSummary`, `field_pageDescription`, `field_pageTitle`, `field_siteDescription`, `field_siteKeywords`, `field_sectionTitle`, `field_sectionSubtitle`, `field_asideTitle`, `field_asideBlurb`, `dateCreated`, `dateUpdated`, `uid`) VALUES ('25', '46', 'en_us', NULL, NULL, NULL, NULL, NULL, NULL, NULL, 'Current Favs', '', NULL, NULL, '2015-10-04 19:14:29', '2015-10-08 19:55:24', '71a9988a-13a4-4311-8f48-b27595dcb107');
INSERT INTO `tmp_content` (`id`, `elementId`, `locale`, `title`, `field_body`, `field_postSummary`, `field_pageDescription`, `field_pageTitle`, `field_siteDescription`, `field_siteKeywords`, `field_sectionTitle`, `field_sectionSubtitle`, `field_asideTitle`, `field_asideBlurb`, `dateCreated`, `dateUpdated`, `uid`) VALUES ('26', '47', 'en_us', 'Spring', NULL, NULL, NULL, NULL, NULL, NULL, NULL, NULL, NULL, NULL, '2015-10-04 19:35:02', '2015-10-04 19:35:02', '8d87f17e-b7ef-49eb-ba7a-3e02ffaf4985');
INSERT INTO `tmp_content` (`id`, `elementId`, `locale`, `title`, `field_body`, `field_postSummary`, `field_pageDescription`, `field_pageTitle`, `field_siteDescription`, `field_siteKeywords`, `field_sectionTitle`, `field_sectionSubtitle`, `field_asideTitle`, `field_asideBlurb`, `dateCreated`, `dateUpdated`, `uid`) VALUES ('27', '48', 'en_us', 'Summer', NULL, NULL, NULL, NULL, NULL, NULL, NULL, NULL, NULL, NULL, '2015-10-04 19:35:08', '2015-10-04 20:02:54', '73de0e10-e3ab-43ff-9854-0f8b3ffb1630');
INSERT INTO `tmp_content` (`id`, `elementId`, `locale`, `title`, `field_body`, `field_postSummary`, `field_pageDescription`, `field_pageTitle`, `field_siteDescription`, `field_siteKeywords`, `field_sectionTitle`, `field_sectionSubtitle`, `field_asideTitle`, `field_asideBlurb`, `dateCreated`, `dateUpdated`, `uid`) VALUES ('28', '49', 'en_us', 'Fall', NULL, NULL, NULL, NULL, NULL, NULL, NULL, NULL, NULL, NULL, '2015-10-04 19:35:39', '2015-10-04 19:35:39', 'ae8e399e-9779-4ddc-9572-273d1155e889');
INSERT INTO `tmp_content` (`id`, `elementId`, `locale`, `title`, `field_body`, `field_postSummary`, `field_pageDescription`, `field_pageTitle`, `field_siteDescription`, `field_siteKeywords`, `field_sectionTitle`, `field_sectionSubtitle`, `field_asideTitle`, `field_asideBlurb`, `dateCreated`, `dateUpdated`, `uid`) VALUES ('30', '51', 'en_us', 'Winter', NULL, NULL, NULL, NULL, NULL, NULL, NULL, NULL, NULL, NULL, '2015-10-04 19:36:04', '2015-10-04 20:03:05', '0c133d30-47a2-40c0-9c02-2423d27e4716');
INSERT INTO `tmp_content` (`id`, `elementId`, `locale`, `title`, `field_body`, `field_postSummary`, `field_pageDescription`, `field_pageTitle`, `field_siteDescription`, `field_siteKeywords`, `field_sectionTitle`, `field_sectionSubtitle`, `field_asideTitle`, `field_asideBlurb`, `dateCreated`, `dateUpdated`, `uid`) VALUES ('31', '52', 'en_us', 'Seasonal', NULL, NULL, NULL, NULL, NULL, NULL, NULL, NULL, NULL, NULL, '2015-10-04 20:02:32', '2015-10-04 20:02:32', '2768e2cc-4888-43b9-9f2a-13e816d1edf8');
INSERT INTO `tmp_content` (`id`, `elementId`, `locale`, `title`, `field_body`, `field_postSummary`, `field_pageDescription`, `field_pageTitle`, `field_siteDescription`, `field_siteKeywords`, `field_sectionTitle`, `field_sectionSubtitle`, `field_asideTitle`, `field_asideBlurb`, `dateCreated`, `dateUpdated`, `uid`) VALUES ('32', '53', 'en_us', 'Meals', NULL, NULL, NULL, NULL, NULL, NULL, NULL, NULL, NULL, NULL, '2015-10-04 20:06:12', '2015-10-04 20:06:12', '5244c927-b5ad-4046-b2bf-71daa9f31b36');
INSERT INTO `tmp_content` (`id`, `elementId`, `locale`, `title`, `field_body`, `field_postSummary`, `field_pageDescription`, `field_pageTitle`, `field_siteDescription`, `field_siteKeywords`, `field_sectionTitle`, `field_sectionSubtitle`, `field_asideTitle`, `field_asideBlurb`, `dateCreated`, `dateUpdated`, `uid`) VALUES ('33', '54', 'en_us', 'Breakfast', NULL, NULL, NULL, NULL, NULL, NULL, NULL, NULL, NULL, NULL, '2015-10-04 20:06:19', '2015-10-04 20:06:19', '5e8a7a6d-a3e2-4aac-950c-0864320f8fda');
INSERT INTO `tmp_content` (`id`, `elementId`, `locale`, `title`, `field_body`, `field_postSummary`, `field_pageDescription`, `field_pageTitle`, `field_siteDescription`, `field_siteKeywords`, `field_sectionTitle`, `field_sectionSubtitle`, `field_asideTitle`, `field_asideBlurb`, `dateCreated`, `dateUpdated`, `uid`) VALUES ('34', '55', 'en_us', 'Brunch', NULL, NULL, NULL, NULL, NULL, NULL, NULL, NULL, NULL, NULL, '2015-10-04 20:06:23', '2015-10-04 20:06:23', '75a5b539-5cb5-45df-ba4c-5d4fee199dbc');
INSERT INTO `tmp_content` (`id`, `elementId`, `locale`, `title`, `field_body`, `field_postSummary`, `field_pageDescription`, `field_pageTitle`, `field_siteDescription`, `field_siteKeywords`, `field_sectionTitle`, `field_sectionSubtitle`, `field_asideTitle`, `field_asideBlurb`, `dateCreated`, `dateUpdated`, `uid`) VALUES ('35', '56', 'en_us', 'Lunch', NULL, NULL, NULL, NULL, NULL, NULL, NULL, NULL, NULL, NULL, '2015-10-04 20:06:26', '2015-10-04 20:06:26', '0579e002-1255-47e0-914a-38c11d46fb8e');
INSERT INTO `tmp_content` (`id`, `elementId`, `locale`, `title`, `field_body`, `field_postSummary`, `field_pageDescription`, `field_pageTitle`, `field_siteDescription`, `field_siteKeywords`, `field_sectionTitle`, `field_sectionSubtitle`, `field_asideTitle`, `field_asideBlurb`, `dateCreated`, `dateUpdated`, `uid`) VALUES ('36', '57', 'en_us', 'Dinner', NULL, NULL, NULL, NULL, NULL, NULL, NULL, NULL, NULL, NULL, '2015-10-04 20:06:30', '2015-10-04 20:06:30', 'bfef4536-f841-4b8c-9ea8-7757162bf249');
INSERT INTO `tmp_content` (`id`, `elementId`, `locale`, `title`, `field_body`, `field_postSummary`, `field_pageDescription`, `field_pageTitle`, `field_siteDescription`, `field_siteKeywords`, `field_sectionTitle`, `field_sectionSubtitle`, `field_asideTitle`, `field_asideBlurb`, `dateCreated`, `dateUpdated`, `uid`) VALUES ('37', '58', 'en_us', 'Cocktails', NULL, NULL, NULL, NULL, NULL, NULL, NULL, NULL, NULL, NULL, '2015-10-04 20:06:43', '2015-10-04 20:06:43', '30c3065e-4653-480d-a7bb-606b5724de78');
INSERT INTO `tmp_content` (`id`, `elementId`, `locale`, `title`, `field_body`, `field_postSummary`, `field_pageDescription`, `field_pageTitle`, `field_siteDescription`, `field_siteKeywords`, `field_sectionTitle`, `field_sectionSubtitle`, `field_asideTitle`, `field_asideBlurb`, `dateCreated`, `dateUpdated`, `uid`) VALUES ('39', '61', 'en_us', 'Dessert', NULL, NULL, NULL, NULL, NULL, NULL, NULL, NULL, NULL, NULL, '2015-10-04 20:14:15', '2015-10-04 20:14:15', 'a7040fd0-cc96-45e0-87a2-61b4b3442bdf');
INSERT INTO `tmp_content` (`id`, `elementId`, `locale`, `title`, `field_body`, `field_postSummary`, `field_pageDescription`, `field_pageTitle`, `field_siteDescription`, `field_siteKeywords`, `field_sectionTitle`, `field_sectionSubtitle`, `field_asideTitle`, `field_asideBlurb`, `dateCreated`, `dateUpdated`, `uid`) VALUES ('40', '62', 'en_us', 'Posts', NULL, NULL, NULL, NULL, NULL, NULL, NULL, NULL, NULL, NULL, '2015-10-06 03:04:37', '2015-10-06 03:04:37', '54a96aaa-5ad4-4a4d-986e-e2a8e9d76891');
INSERT INTO `tmp_content` (`id`, `elementId`, `locale`, `title`, `field_body`, `field_postSummary`, `field_pageDescription`, `field_pageTitle`, `field_siteDescription`, `field_siteKeywords`, `field_sectionTitle`, `field_sectionSubtitle`, `field_asideTitle`, `field_asideBlurb`, `dateCreated`, `dateUpdated`, `uid`) VALUES ('41', '63', 'en_us', 'Appetizers', NULL, NULL, NULL, NULL, NULL, NULL, NULL, NULL, NULL, NULL, '2015-10-06 03:38:33', '2015-10-06 03:38:33', '6b351271-d965-4b4b-8916-74d6392c2902');
INSERT INTO `tmp_content` (`id`, `elementId`, `locale`, `title`, `field_body`, `field_postSummary`, `field_pageDescription`, `field_pageTitle`, `field_siteDescription`, `field_siteKeywords`, `field_sectionTitle`, `field_sectionSubtitle`, `field_asideTitle`, `field_asideBlurb`, `dateCreated`, `dateUpdated`, `uid`) VALUES ('42', '64', 'en_us', 'Salads', NULL, NULL, NULL, NULL, NULL, NULL, NULL, NULL, NULL, NULL, '2015-10-06 03:39:22', '2015-10-06 03:39:22', 'e1400e0f-3297-41a5-9ee1-69420e3a9da3');
INSERT INTO `tmp_content` (`id`, `elementId`, `locale`, `title`, `field_body`, `field_postSummary`, `field_pageDescription`, `field_pageTitle`, `field_siteDescription`, `field_siteKeywords`, `field_sectionTitle`, `field_sectionSubtitle`, `field_asideTitle`, `field_asideBlurb`, `dateCreated`, `dateUpdated`, `uid`) VALUES ('43', '65', 'en_us', NULL, NULL, NULL, NULL, NULL, NULL, NULL, NULL, NULL, 'Natalie Mortimer & Holly Erickson', 'Hello! We\'re glad you\'re here. We believe in sharing life through great food at our own tables. Let\'s change the way people think about hospitality—one delicious meal at a time.', '2015-10-08 19:55:50', '2015-10-08 22:11:46', 'cab2c71f-a432-4a72-a7bf-10ec128bf754');
INSERT INTO `tmp_content` (`id`, `elementId`, `locale`, `title`, `field_body`, `field_postSummary`, `field_pageDescription`, `field_pageTitle`, `field_siteDescription`, `field_siteKeywords`, `field_sectionTitle`, `field_sectionSubtitle`, `field_asideTitle`, `field_asideBlurb`, `dateCreated`, `dateUpdated`, `uid`) VALUES ('45', '67', 'en_us', 'tmp-photo', NULL, NULL, NULL, NULL, NULL, NULL, NULL, NULL, NULL, NULL, '2015-10-08 20:22:45', '2015-10-08 20:22:45', 'fecf3dfe-26a2-49d5-b29e-202cb259bba5');
INSERT INTO `tmp_content` (`id`, `elementId`, `locale`, `title`, `field_body`, `field_postSummary`, `field_pageDescription`, `field_pageTitle`, `field_siteDescription`, `field_siteKeywords`, `field_sectionTitle`, `field_sectionSubtitle`, `field_asideTitle`, `field_asideBlurb`, `dateCreated`, `dateUpdated`, `uid`) VALUES ('47', '69', 'en_us', NULL, NULL, NULL, NULL, NULL, NULL, NULL, NULL, NULL, NULL, NULL, '2015-10-08 22:37:36', '2015-10-08 23:29:55', '74b4b4c0-f26e-42c4-93cd-5f984c04eea1');
INSERT INTO `tmp_content` (`id`, `elementId`, `locale`, `title`, `field_body`, `field_postSummary`, `field_pageDescription`, `field_pageTitle`, `field_siteDescription`, `field_siteKeywords`, `field_sectionTitle`, `field_sectionSubtitle`, `field_asideTitle`, `field_asideBlurb`, `dateCreated`, `dateUpdated`, `uid`) VALUES ('48', '70', 'en_us', 'make', NULL, NULL, NULL, NULL, NULL, NULL, NULL, NULL, NULL, NULL, '2015-10-08 22:38:58', '2015-10-08 22:38:58', '0bfad6e7-bae9-4b67-ba21-36db608b0c06');
INSERT INTO `tmp_content` (`id`, `elementId`, `locale`, `title`, `field_body`, `field_postSummary`, `field_pageDescription`, `field_pageTitle`, `field_siteDescription`, `field_siteKeywords`, `field_sectionTitle`, `field_sectionSubtitle`, `field_asideTitle`, `field_asideBlurb`, `dateCreated`, `dateUpdated`, `uid`) VALUES ('49', '71', 'en_us', 'post', NULL, NULL, NULL, NULL, NULL, NULL, NULL, NULL, NULL, NULL, '2015-10-08 22:38:58', '2015-10-08 22:38:58', '36965ea6-f4ca-47a3-90bf-e2de15497aa7');
INSERT INTO `tmp_content` (`id`, `elementId`, `locale`, `title`, `field_body`, `field_postSummary`, `field_pageDescription`, `field_pageTitle`, `field_siteDescription`, `field_siteKeywords`, `field_sectionTitle`, `field_sectionSubtitle`, `field_asideTitle`, `field_asideBlurb`, `dateCreated`, `dateUpdated`, `uid`) VALUES ('50', '72', 'en_us', 'share', NULL, NULL, NULL, NULL, NULL, NULL, NULL, NULL, NULL, NULL, '2015-10-08 22:38:58', '2015-10-08 22:38:58', '05aa63c0-e2ad-4cff-8056-e17ccb276ae5');
INSERT INTO `tmp_content` (`id`, `elementId`, `locale`, `title`, `field_body`, `field_postSummary`, `field_pageDescription`, `field_pageTitle`, `field_siteDescription`, `field_siteKeywords`, `field_sectionTitle`, `field_sectionSubtitle`, `field_asideTitle`, `field_asideBlurb`, `dateCreated`, `dateUpdated`, `uid`) VALUES ('51', '73', 'en_us', 'shoot', NULL, NULL, NULL, NULL, NULL, NULL, NULL, NULL, NULL, NULL, '2015-10-08 22:38:58', '2015-10-08 22:38:58', '5ff58716-e7b6-457e-b43e-7232c02df183');
INSERT INTO `tmp_content` (`id`, `elementId`, `locale`, `title`, `field_body`, `field_postSummary`, `field_pageDescription`, `field_pageTitle`, `field_siteDescription`, `field_siteKeywords`, `field_sectionTitle`, `field_sectionSubtitle`, `field_asideTitle`, `field_asideBlurb`, `dateCreated`, `dateUpdated`, `uid`) VALUES ('52', '78', 'en_us', 'Search Results', NULL, NULL, NULL, NULL, NULL, NULL, NULL, NULL, NULL, NULL, '2015-10-09 07:27:35', '2015-10-09 07:27:35', '3cef4347-4990-4a87-8441-bb6f3ff417b7');
INSERT INTO `tmp_content` (`id`, `elementId`, `locale`, `title`, `field_body`, `field_postSummary`, `field_pageDescription`, `field_pageTitle`, `field_siteDescription`, `field_siteKeywords`, `field_sectionTitle`, `field_sectionSubtitle`, `field_asideTitle`, `field_asideBlurb`, `dateCreated`, `dateUpdated`, `uid`) VALUES ('53', '79', 'en_us', 'Contact', NULL, NULL, NULL, NULL, NULL, NULL, NULL, NULL, NULL, NULL, '2015-10-09 16:10:13', '2015-10-09 16:10:13', '3db3f3f3-be18-46a7-815e-9d044266abcd');



DROP TABLE IF EXISTS `tmp_deprecationerrors`;


--
-- Schema for table `tmp_deprecationerrors`
--
CREATE TABLE `tmp_deprecationerrors` (
  `id` int(11) NOT NULL AUTO_INCREMENT,
  `key` varchar(255) COLLATE utf8_unicode_ci NOT NULL,
  `fingerprint` varchar(255) COLLATE utf8_unicode_ci NOT NULL,
  `lastOccurrence` datetime NOT NULL,
  `file` varchar(255) COLLATE utf8_unicode_ci NOT NULL,
  `line` smallint(6) unsigned NOT NULL,
  `class` varchar(255) COLLATE utf8_unicode_ci DEFAULT NULL,
  `method` varchar(255) COLLATE utf8_unicode_ci DEFAULT NULL,
  `template` varchar(255) COLLATE utf8_unicode_ci DEFAULT NULL,
  `templateLine` smallint(6) unsigned DEFAULT NULL,
  `message` varchar(255) COLLATE utf8_unicode_ci DEFAULT NULL,
  `traces` text COLLATE utf8_unicode_ci,
  `dateCreated` datetime NOT NULL,
  `dateUpdated` datetime NOT NULL,
  `uid` char(36) COLLATE utf8_unicode_ci NOT NULL DEFAULT '0',
  PRIMARY KEY (`id`),
  UNIQUE KEY `tmp_deprecationerrors_key_fingerprint_unq_idx` (`key`,`fingerprint`)
) ENGINE=InnoDB DEFAULT CHARSET=utf8 COLLATE=utf8_unicode_ci;

DROP TABLE IF EXISTS `tmp_elements`;


--
-- Schema for table `tmp_elements`
--
CREATE TABLE `tmp_elements` (
  `id` int(11) NOT NULL AUTO_INCREMENT,
  `type` varchar(150) COLLATE utf8_unicode_ci NOT NULL,
  `enabled` tinyint(1) unsigned NOT NULL DEFAULT '1',
  `archived` tinyint(1) unsigned NOT NULL DEFAULT '0',
  `dateCreated` datetime NOT NULL,
  `dateUpdated` datetime NOT NULL,
  `uid` char(36) COLLATE utf8_unicode_ci NOT NULL DEFAULT '0',
  PRIMARY KEY (`id`),
  KEY `tmp_elements_type_idx` (`type`),
  KEY `tmp_elements_enabled_idx` (`enabled`),
  KEY `tmp_elements_archived_dateCreated_idx` (`archived`,`dateCreated`)
) ENGINE=InnoDB AUTO_INCREMENT=80 DEFAULT CHARSET=utf8 COLLATE=utf8_unicode_ci;

--
-- Data for table `tmp_elements`
--

INSERT INTO `tmp_elements` (`id`, `type`, `enabled`, `archived`, `dateCreated`, `dateUpdated`, `uid`) VALUES ('1', 'User', '1', '0', '2015-09-01 17:29:50', '2015-09-01 17:29:50', '7a79801d-b047-4f07-b182-6e7e55c72411');
INSERT INTO `tmp_elements` (`id`, `type`, `enabled`, `archived`, `dateCreated`, `dateUpdated`, `uid`) VALUES ('2', 'Entry', '1', '0', '2015-09-01 17:29:53', '2015-09-25 23:00:06', '8f3e7d9b-da2a-4484-8ab9-f6fdac862ea9');
INSERT INTO `tmp_elements` (`id`, `type`, `enabled`, `archived`, `dateCreated`, `dateUpdated`, `uid`) VALUES ('3', 'Entry', '1', '0', '2015-09-01 17:29:53', '2015-10-09 01:06:20', '541273b0-8890-4a1b-8d84-a7bee9cdd6e3');
INSERT INTO `tmp_elements` (`id`, `type`, `enabled`, `archived`, `dateCreated`, `dateUpdated`, `uid`) VALUES ('4', 'Asset', '1', '0', '2015-09-17 22:31:02', '2015-09-17 22:31:02', '4f12aa63-8911-4e8d-b32f-85257c71d623');
INSERT INTO `tmp_elements` (`id`, `type`, `enabled`, `archived`, `dateCreated`, `dateUpdated`, `uid`) VALUES ('5', 'Entry', '1', '0', '2015-09-17 22:57:24', '2015-10-08 05:16:36', 'd09201e9-4a6a-453e-93f7-721623ffc2f6');
INSERT INTO `tmp_elements` (`id`, `type`, `enabled`, `archived`, `dateCreated`, `dateUpdated`, `uid`) VALUES ('6', 'Entry', '1', '0', '2015-09-17 23:59:53', '2015-10-09 01:06:05', 'ee7de276-30d6-4650-b785-71ccaacbf714');
INSERT INTO `tmp_elements` (`id`, `type`, `enabled`, `archived`, `dateCreated`, `dateUpdated`, `uid`) VALUES ('8', 'MatrixBlock', '1', '0', '2015-09-23 23:38:51', '2015-10-09 01:06:05', '41bb6ae1-e103-407f-9ba4-f0bc2010e35b');
INSERT INTO `tmp_elements` (`id`, `type`, `enabled`, `archived`, `dateCreated`, `dateUpdated`, `uid`) VALUES ('11', 'MatrixBlock', '1', '0', '2015-09-24 22:32:32', '2015-10-09 01:06:05', '55242482-a303-49ac-9715-095474495675');
INSERT INTO `tmp_elements` (`id`, `type`, `enabled`, `archived`, `dateCreated`, `dateUpdated`, `uid`) VALUES ('12', 'Asset', '1', '0', '2015-09-25 02:09:26', '2015-09-25 02:09:26', 'c879c0a3-51f1-41d7-bd8d-0cf0b3b6ba4d');
INSERT INTO `tmp_elements` (`id`, `type`, `enabled`, `archived`, `dateCreated`, `dateUpdated`, `uid`) VALUES ('13', 'MatrixBlock', '1', '0', '2015-09-25 02:09:51', '2015-10-09 01:06:05', '750fc31a-7c9b-43cb-9875-3c9e93953317');
INSERT INTO `tmp_elements` (`id`, `type`, `enabled`, `archived`, `dateCreated`, `dateUpdated`, `uid`) VALUES ('14', 'Asset', '1', '0', '2015-09-25 02:39:21', '2015-09-25 02:39:21', '304723f9-c3aa-454b-af80-0c04ee325d23');
INSERT INTO `tmp_elements` (`id`, `type`, `enabled`, `archived`, `dateCreated`, `dateUpdated`, `uid`) VALUES ('15', 'MatrixBlock', '1', '0', '2015-09-25 03:13:02', '2015-10-09 01:06:05', 'd5388d08-2965-417c-9186-68b4aab872e8');
INSERT INTO `tmp_elements` (`id`, `type`, `enabled`, `archived`, `dateCreated`, `dateUpdated`, `uid`) VALUES ('16', 'Asset', '1', '0', '2015-09-25 03:26:01', '2015-09-25 03:26:01', 'eb6685c2-7933-42b4-8a47-9bf162451d7c');
INSERT INTO `tmp_elements` (`id`, `type`, `enabled`, `archived`, `dateCreated`, `dateUpdated`, `uid`) VALUES ('19', 'Asset', '1', '0', '2015-09-25 06:01:17', '2015-09-25 06:01:17', '909df969-f290-48c8-ae0b-f50a3ddc81a9');
INSERT INTO `tmp_elements` (`id`, `type`, `enabled`, `archived`, `dateCreated`, `dateUpdated`, `uid`) VALUES ('20', 'Asset', '1', '0', '2015-09-25 06:01:18', '2015-09-25 06:01:18', '4e704d4e-dad1-4536-aba0-ab502495a356');
INSERT INTO `tmp_elements` (`id`, `type`, `enabled`, `archived`, `dateCreated`, `dateUpdated`, `uid`) VALUES ('21', 'Asset', '1', '0', '2015-09-25 06:01:18', '2015-09-25 06:01:18', '8851e8a8-50d5-47f8-9a2a-43fb79bafcbd');
INSERT INTO `tmp_elements` (`id`, `type`, `enabled`, `archived`, `dateCreated`, `dateUpdated`, `uid`) VALUES ('22', 'Asset', '1', '0', '2015-09-25 06:01:19', '2015-09-25 06:01:19', '379bec40-4165-4d81-be8c-5bba1504b9f7');
INSERT INTO `tmp_elements` (`id`, `type`, `enabled`, `archived`, `dateCreated`, `dateUpdated`, `uid`) VALUES ('23', 'Asset', '1', '0', '2015-09-25 06:01:19', '2015-09-25 06:01:19', '7a0a5324-5713-477c-93c5-ef4f40374db5');
INSERT INTO `tmp_elements` (`id`, `type`, `enabled`, `archived`, `dateCreated`, `dateUpdated`, `uid`) VALUES ('24', 'Asset', '1', '0', '2015-09-25 06:01:19', '2015-09-25 06:01:19', 'ee3c0c28-4882-47ae-8f3c-13650aa675b2');
INSERT INTO `tmp_elements` (`id`, `type`, `enabled`, `archived`, `dateCreated`, `dateUpdated`, `uid`) VALUES ('25', 'Asset', '1', '0', '2015-09-25 06:01:20', '2015-09-25 06:01:20', 'c2877d1d-bb9c-47f1-b187-b3c8de1b1e79');
INSERT INTO `tmp_elements` (`id`, `type`, `enabled`, `archived`, `dateCreated`, `dateUpdated`, `uid`) VALUES ('26', 'MatrixBlock', '1', '0', '2015-09-25 06:14:43', '2015-10-09 01:06:05', '3a2325b8-ba3c-4066-b40c-b7516edc48b9');
INSERT INTO `tmp_elements` (`id`, `type`, `enabled`, `archived`, `dateCreated`, `dateUpdated`, `uid`) VALUES ('27', 'MatrixBlock', '1', '0', '2015-09-25 06:14:43', '2015-10-09 01:06:05', '778a42b5-b98b-4a2d-9caf-a3ceeac482dd');
INSERT INTO `tmp_elements` (`id`, `type`, `enabled`, `archived`, `dateCreated`, `dateUpdated`, `uid`) VALUES ('28', 'MatrixBlock', '1', '0', '2015-09-25 06:14:43', '2015-10-09 01:06:05', '64c5eaf6-1dae-417d-869b-6f70e7807931');
INSERT INTO `tmp_elements` (`id`, `type`, `enabled`, `archived`, `dateCreated`, `dateUpdated`, `uid`) VALUES ('29', 'MatrixBlock', '1', '0', '2015-09-25 06:14:43', '2015-10-09 01:06:05', '585a2f13-9175-477a-962e-faba94632564');
INSERT INTO `tmp_elements` (`id`, `type`, `enabled`, `archived`, `dateCreated`, `dateUpdated`, `uid`) VALUES ('30', 'MatrixBlock', '1', '0', '2015-09-25 06:24:52', '2015-10-09 01:06:05', '4ed55a62-a3b9-434c-971d-bdc778dacd1a');
INSERT INTO `tmp_elements` (`id`, `type`, `enabled`, `archived`, `dateCreated`, `dateUpdated`, `uid`) VALUES ('31', 'Entry', '1', '0', '2015-09-25 22:59:09', '2015-09-26 04:36:50', 'f2a523ff-c245-4c84-af77-3d470995d847');
INSERT INTO `tmp_elements` (`id`, `type`, `enabled`, `archived`, `dateCreated`, `dateUpdated`, `uid`) VALUES ('32', 'MatrixBlock', '1', '0', '2015-09-25 23:00:59', '2015-09-25 23:00:59', '4714e33e-f755-4049-a3e1-230f4984d771');
INSERT INTO `tmp_elements` (`id`, `type`, `enabled`, `archived`, `dateCreated`, `dateUpdated`, `uid`) VALUES ('33', 'Asset', '1', '0', '2015-09-25 23:09:29', '2015-09-25 23:09:29', '69ea642e-60b3-4902-9e20-d5245dc9ddea');
INSERT INTO `tmp_elements` (`id`, `type`, `enabled`, `archived`, `dateCreated`, `dateUpdated`, `uid`) VALUES ('34', 'GlobalSet', '1', '0', '2015-09-26 20:53:54', '2015-10-08 19:35:02', '80b83681-fe50-456d-9fc7-bd8eeb69cd78');
INSERT INTO `tmp_elements` (`id`, `type`, `enabled`, `archived`, `dateCreated`, `dateUpdated`, `uid`) VALUES ('35', 'GlobalSet', '1', '0', '2015-09-27 16:59:24', '2015-10-06 03:28:58', 'c6513b8f-07c1-48ca-b39f-b8077703ee54');
INSERT INTO `tmp_elements` (`id`, `type`, `enabled`, `archived`, `dateCreated`, `dateUpdated`, `uid`) VALUES ('36', 'MatrixBlock', '1', '0', '2015-09-27 17:15:30', '2015-10-06 03:28:58', 'e9fdcc9e-f716-47d9-b8e6-4668f9c44ede');
INSERT INTO `tmp_elements` (`id`, `type`, `enabled`, `archived`, `dateCreated`, `dateUpdated`, `uid`) VALUES ('37', 'MatrixBlock', '1', '0', '2015-09-27 17:15:30', '2015-10-06 03:28:58', 'b92244eb-f3fe-49b6-8a46-2002cc6e0735');
INSERT INTO `tmp_elements` (`id`, `type`, `enabled`, `archived`, `dateCreated`, `dateUpdated`, `uid`) VALUES ('38', 'MatrixBlock', '1', '0', '2015-09-27 17:15:31', '2015-10-06 03:28:58', '41f9fb54-6d4d-4ed6-836f-7deb57a1e50c');
INSERT INTO `tmp_elements` (`id`, `type`, `enabled`, `archived`, `dateCreated`, `dateUpdated`, `uid`) VALUES ('39', 'MatrixBlock', '1', '0', '2015-09-28 01:19:14', '2015-10-08 05:16:36', 'd62f8e5a-e665-4d47-9de0-02fa2313fc94');
INSERT INTO `tmp_elements` (`id`, `type`, `enabled`, `archived`, `dateCreated`, `dateUpdated`, `uid`) VALUES ('40', 'Asset', '1', '0', '2015-09-28 05:23:44', '2015-09-28 05:23:44', '42108acd-062e-4309-bb96-5311602a7dd4');
INSERT INTO `tmp_elements` (`id`, `type`, `enabled`, `archived`, `dateCreated`, `dateUpdated`, `uid`) VALUES ('41', 'Entry', '1', '0', '2015-09-28 05:27:24', '2015-10-08 05:15:58', '791aa861-ee2e-41ca-addf-01bbc03d567c');
INSERT INTO `tmp_elements` (`id`, `type`, `enabled`, `archived`, `dateCreated`, `dateUpdated`, `uid`) VALUES ('42', 'MatrixBlock', '1', '0', '2015-09-28 05:27:24', '2015-10-08 05:15:58', '8bd6393d-6ce3-4b93-b394-6d658276ac2f');
INSERT INTO `tmp_elements` (`id`, `type`, `enabled`, `archived`, `dateCreated`, `dateUpdated`, `uid`) VALUES ('43', 'MatrixBlock', '1', '0', '2015-09-28 05:27:24', '2015-10-08 05:15:58', '2a19875f-3169-4bdb-9b52-46908c1e992d');
INSERT INTO `tmp_elements` (`id`, `type`, `enabled`, `archived`, `dateCreated`, `dateUpdated`, `uid`) VALUES ('45', 'Asset', '1', '0', '2015-09-29 05:45:20', '2015-09-29 05:45:20', '25e7e9ed-3e66-4fc4-a8ac-9ebc07d181e9');
INSERT INTO `tmp_elements` (`id`, `type`, `enabled`, `archived`, `dateCreated`, `dateUpdated`, `uid`) VALUES ('46', 'GlobalSet', '1', '0', '2015-10-04 19:14:29', '2015-10-08 19:55:24', '58c13390-563c-4f07-aab5-b7eb2ff00a6c');
INSERT INTO `tmp_elements` (`id`, `type`, `enabled`, `archived`, `dateCreated`, `dateUpdated`, `uid`) VALUES ('47', 'Category', '1', '0', '2015-10-04 19:35:02', '2015-10-04 19:35:02', '475f44f4-68f9-489d-a8d9-e50c13375253');
INSERT INTO `tmp_elements` (`id`, `type`, `enabled`, `archived`, `dateCreated`, `dateUpdated`, `uid`) VALUES ('48', 'Category', '1', '0', '2015-10-04 19:35:08', '2015-10-04 20:02:54', 'a2af71ea-c22a-4c19-903a-3866a9d8977e');
INSERT INTO `tmp_elements` (`id`, `type`, `enabled`, `archived`, `dateCreated`, `dateUpdated`, `uid`) VALUES ('49', 'Category', '1', '0', '2015-10-04 19:35:39', '2015-10-04 19:35:39', 'c100122d-b2d7-49e4-b0a5-d513464c2769');
INSERT INTO `tmp_elements` (`id`, `type`, `enabled`, `archived`, `dateCreated`, `dateUpdated`, `uid`) VALUES ('51', 'Category', '1', '0', '2015-10-04 19:36:04', '2015-10-04 20:03:05', '7d8dffff-5cb7-465c-a5bd-b0c197a24091');
INSERT INTO `tmp_elements` (`id`, `type`, `enabled`, `archived`, `dateCreated`, `dateUpdated`, `uid`) VALUES ('52', 'Category', '1', '0', '2015-10-04 20:02:32', '2015-10-04 20:02:32', '46ed70a6-9485-4fbd-9ada-ed1af2f6969c');
INSERT INTO `tmp_elements` (`id`, `type`, `enabled`, `archived`, `dateCreated`, `dateUpdated`, `uid`) VALUES ('53', 'Category', '1', '0', '2015-10-04 20:06:12', '2015-10-04 20:06:12', 'c4c619fb-c7cd-4da4-8945-e81eb6684a73');
INSERT INTO `tmp_elements` (`id`, `type`, `enabled`, `archived`, `dateCreated`, `dateUpdated`, `uid`) VALUES ('54', 'Category', '1', '0', '2015-10-04 20:06:19', '2015-10-04 20:06:19', 'af6f3955-a425-4d41-9524-712b3ac9bb60');
INSERT INTO `tmp_elements` (`id`, `type`, `enabled`, `archived`, `dateCreated`, `dateUpdated`, `uid`) VALUES ('55', 'Category', '1', '0', '2015-10-04 20:06:23', '2015-10-04 20:06:23', '22b578d2-7aa7-4e96-af3c-54ad7800f96b');
INSERT INTO `tmp_elements` (`id`, `type`, `enabled`, `archived`, `dateCreated`, `dateUpdated`, `uid`) VALUES ('56', 'Category', '1', '0', '2015-10-04 20:06:26', '2015-10-04 20:06:26', 'fbb059cc-a09e-47c7-a9d8-c218770b2513');
INSERT INTO `tmp_elements` (`id`, `type`, `enabled`, `archived`, `dateCreated`, `dateUpdated`, `uid`) VALUES ('57', 'Category', '1', '0', '2015-10-04 20:06:30', '2015-10-04 20:06:30', '23f36d41-5481-44f3-952f-e0c237d2100c');
INSERT INTO `tmp_elements` (`id`, `type`, `enabled`, `archived`, `dateCreated`, `dateUpdated`, `uid`) VALUES ('58', 'Category', '1', '0', '2015-10-04 20:06:43', '2015-10-04 20:06:43', '5d5c567f-7f91-45b8-baa1-3e868bfbe0a2');
INSERT INTO `tmp_elements` (`id`, `type`, `enabled`, `archived`, `dateCreated`, `dateUpdated`, `uid`) VALUES ('60', 'MatrixBlock', '1', '0', '2015-10-04 20:13:03', '2015-10-05 04:05:29', 'bdd1aa45-de7e-4faa-8aea-a6f772643366');
INSERT INTO `tmp_elements` (`id`, `type`, `enabled`, `archived`, `dateCreated`, `dateUpdated`, `uid`) VALUES ('61', 'Category', '1', '0', '2015-10-04 20:14:15', '2015-10-04 20:14:15', '1995c752-d766-407c-9e7a-b47e0a03d870');
INSERT INTO `tmp_elements` (`id`, `type`, `enabled`, `archived`, `dateCreated`, `dateUpdated`, `uid`) VALUES ('62', 'Entry', '1', '0', '2015-10-06 03:04:37', '2015-10-06 03:04:37', '0b3f64ed-7ea4-4563-975d-93ec43b26975');
INSERT INTO `tmp_elements` (`id`, `type`, `enabled`, `archived`, `dateCreated`, `dateUpdated`, `uid`) VALUES ('63', 'Category', '1', '0', '2015-10-06 03:38:33', '2015-10-06 03:38:33', 'c132bccd-0860-4869-a651-dd997d00c63b');
INSERT INTO `tmp_elements` (`id`, `type`, `enabled`, `archived`, `dateCreated`, `dateUpdated`, `uid`) VALUES ('64', 'Category', '1', '0', '2015-10-06 03:39:22', '2015-10-06 03:39:22', 'f1955633-fb65-4f2c-beee-7a509b30613c');
INSERT INTO `tmp_elements` (`id`, `type`, `enabled`, `archived`, `dateCreated`, `dateUpdated`, `uid`) VALUES ('65', 'GlobalSet', '1', '0', '2015-10-08 19:55:50', '2015-10-08 22:11:46', 'c483133b-1dd7-47fc-9d25-6a62d3bd2c9a');
INSERT INTO `tmp_elements` (`id`, `type`, `enabled`, `archived`, `dateCreated`, `dateUpdated`, `uid`) VALUES ('67', 'Asset', '1', '0', '2015-10-08 20:22:45', '2015-10-08 20:22:45', 'ed8e67dd-19d5-4ad3-9307-6609889587a7');
INSERT INTO `tmp_elements` (`id`, `type`, `enabled`, `archived`, `dateCreated`, `dateUpdated`, `uid`) VALUES ('69', 'GlobalSet', '1', '0', '2015-10-08 22:37:36', '2015-10-08 23:29:55', 'b294f5ec-83d8-4cfd-bfd5-69e10d9e29b1');
INSERT INTO `tmp_elements` (`id`, `type`, `enabled`, `archived`, `dateCreated`, `dateUpdated`, `uid`) VALUES ('70', 'Asset', '1', '0', '2015-10-08 22:38:58', '2015-10-08 22:38:58', 'dc11388c-c099-4041-9c76-529276a992ec');
INSERT INTO `tmp_elements` (`id`, `type`, `enabled`, `archived`, `dateCreated`, `dateUpdated`, `uid`) VALUES ('71', 'Asset', '1', '0', '2015-10-08 22:38:58', '2015-10-08 22:38:58', 'a4d72bdf-2af8-4b0c-8955-f509f74cc384');
INSERT INTO `tmp_elements` (`id`, `type`, `enabled`, `archived`, `dateCreated`, `dateUpdated`, `uid`) VALUES ('72', 'Asset', '1', '0', '2015-10-08 22:38:58', '2015-10-08 22:38:58', '7a475765-b627-40d4-b5ff-e9eb25475f46');
INSERT INTO `tmp_elements` (`id`, `type`, `enabled`, `archived`, `dateCreated`, `dateUpdated`, `uid`) VALUES ('73', 'Asset', '1', '0', '2015-10-08 22:38:58', '2015-10-08 22:38:58', 'c4b6be89-c07e-411d-8ec8-81e4e8116239');
INSERT INTO `tmp_elements` (`id`, `type`, `enabled`, `archived`, `dateCreated`, `dateUpdated`, `uid`) VALUES ('74', 'MatrixBlock', '1', '0', '2015-10-08 22:44:42', '2015-10-08 23:29:55', '6ac7b2b6-15bd-4c67-be98-2f1ff46827c2');
INSERT INTO `tmp_elements` (`id`, `type`, `enabled`, `archived`, `dateCreated`, `dateUpdated`, `uid`) VALUES ('75', 'MatrixBlock', '1', '0', '2015-10-08 22:44:42', '2015-10-08 23:29:56', '5f7a1937-e542-42a1-971e-66d7fb7d0881');
INSERT INTO `tmp_elements` (`id`, `type`, `enabled`, `archived`, `dateCreated`, `dateUpdated`, `uid`) VALUES ('76', 'MatrixBlock', '1', '0', '2015-10-08 22:44:42', '2015-10-08 23:29:56', '51471591-e37f-4874-9b1b-0296169cf41b');
INSERT INTO `tmp_elements` (`id`, `type`, `enabled`, `archived`, `dateCreated`, `dateUpdated`, `uid`) VALUES ('77', 'MatrixBlock', '1', '0', '2015-10-08 22:44:42', '2015-10-08 23:29:56', '750ab6f1-098d-4b09-bebc-96bc88738091');
INSERT INTO `tmp_elements` (`id`, `type`, `enabled`, `archived`, `dateCreated`, `dateUpdated`, `uid`) VALUES ('78', 'Entry', '1', '0', '2015-10-09 07:27:35', '2015-10-09 07:27:35', '7625c311-d26f-4d60-97d0-5dac1c42c337');
INSERT INTO `tmp_elements` (`id`, `type`, `enabled`, `archived`, `dateCreated`, `dateUpdated`, `uid`) VALUES ('79', 'Entry', '1', '0', '2015-10-09 16:10:13', '2015-10-09 16:10:13', 'b7147419-3de0-4c05-b68a-bcedfa131c84');



DROP TABLE IF EXISTS `tmp_elements_i18n`;


--
-- Schema for table `tmp_elements_i18n`
--
CREATE TABLE `tmp_elements_i18n` (
  `id` int(11) NOT NULL AUTO_INCREMENT,
  `elementId` int(11) NOT NULL,
  `locale` char(12) COLLATE utf8_unicode_ci NOT NULL,
  `slug` varchar(255) COLLATE utf8_unicode_ci DEFAULT NULL,
  `uri` varchar(255) COLLATE utf8_unicode_ci DEFAULT NULL,
  `enabled` tinyint(1) unsigned NOT NULL DEFAULT '1',
  `dateCreated` datetime NOT NULL,
  `dateUpdated` datetime NOT NULL,
  `uid` char(36) COLLATE utf8_unicode_ci NOT NULL DEFAULT '0',
  PRIMARY KEY (`id`),
  UNIQUE KEY `tmp_elements_i18n_elementId_locale_unq_idx` (`elementId`,`locale`),
  UNIQUE KEY `tmp_elements_i18n_uri_locale_unq_idx` (`uri`,`locale`),
  KEY `tmp_elements_i18n_slug_locale_idx` (`slug`,`locale`),
  KEY `tmp_elements_i18n_enabled_idx` (`enabled`),
  KEY `tmp_elements_i18n_locale_fk` (`locale`)
) ENGINE=InnoDB AUTO_INCREMENT=80 DEFAULT CHARSET=utf8 COLLATE=utf8_unicode_ci;

--
-- Data for table `tmp_elements_i18n`
--

INSERT INTO `tmp_elements_i18n` (`id`, `elementId`, `locale`, `slug`, `uri`, `enabled`, `dateCreated`, `dateUpdated`, `uid`) VALUES ('1', '1', 'en_us', '', NULL, '1', '2015-09-01 17:29:50', '2015-09-01 17:29:50', '3eb4314d-b440-4905-89fe-ab91fdef84ec');
INSERT INTO `tmp_elements_i18n` (`id`, `elementId`, `locale`, `slug`, `uri`, `enabled`, `dateCreated`, `dateUpdated`, `uid`) VALUES ('2', '2', 'en_us', 'homepage', '__home__', '1', '2015-09-01 17:29:53', '2015-09-25 23:00:06', 'ddae3bcf-0acd-42b7-9b0a-9e3cd4c6b566');
INSERT INTO `tmp_elements_i18n` (`id`, `elementId`, `locale`, `slug`, `uri`, `enabled`, `dateCreated`, `dateUpdated`, `uid`) VALUES ('3', '3', 'en_us', 'we-just-installed-craft', 'posts/we-just-installed-craft', '1', '2015-09-01 17:29:53', '2015-10-09 01:06:20', 'f0950cf6-d5f3-4f14-a280-eaec7556e0de');
INSERT INTO `tmp_elements_i18n` (`id`, `elementId`, `locale`, `slug`, `uri`, `enabled`, `dateCreated`, `dateUpdated`, `uid`) VALUES ('4', '4', 'en_us', 'test-image', NULL, '1', '2015-09-17 22:31:02', '2015-09-17 22:31:02', '29d9160e-0b9a-4768-8ce4-cc096de8d46b');
INSERT INTO `tmp_elements_i18n` (`id`, `elementId`, `locale`, `slug`, `uri`, `enabled`, `dateCreated`, `dateUpdated`, `uid`) VALUES ('5', '5', 'en_us', 'great-title-for-a-blog-post', 'posts/great-title-for-a-blog-post', '1', '2015-09-17 22:57:24', '2015-10-08 05:16:36', 'a19601fe-8d07-433a-beef-987ebec06c80');
INSERT INTO `tmp_elements_i18n` (`id`, `elementId`, `locale`, `slug`, `uri`, `enabled`, `dateCreated`, `dateUpdated`, `uid`) VALUES ('6', '6', 'en_us', 'skillet-caramel-apple-crisp', 'posts/skillet-caramel-apple-crisp', '1', '2015-09-17 23:59:53', '2015-10-09 01:06:05', 'b62ae5e8-2f31-44cb-bd7b-697c13cda30a');
INSERT INTO `tmp_elements_i18n` (`id`, `elementId`, `locale`, `slug`, `uri`, `enabled`, `dateCreated`, `dateUpdated`, `uid`) VALUES ('8', '8', 'en_us', '', NULL, '1', '2015-09-23 23:38:51', '2015-10-09 01:06:05', '44500554-213c-4704-a9bf-866b15f27557');
INSERT INTO `tmp_elements_i18n` (`id`, `elementId`, `locale`, `slug`, `uri`, `enabled`, `dateCreated`, `dateUpdated`, `uid`) VALUES ('11', '11', 'en_us', '', NULL, '1', '2015-09-24 22:32:32', '2015-10-09 01:06:05', '4a4f3b41-fc24-4304-9569-87d121ac6151');
INSERT INTO `tmp_elements_i18n` (`id`, `elementId`, `locale`, `slug`, `uri`, `enabled`, `dateCreated`, `dateUpdated`, `uid`) VALUES ('12', '12', 'en_us', 'wide-image-test', NULL, '1', '2015-09-25 02:09:26', '2015-09-25 02:09:26', '4edc6d43-224e-436e-98ee-dbf0d59453e2');
INSERT INTO `tmp_elements_i18n` (`id`, `elementId`, `locale`, `slug`, `uri`, `enabled`, `dateCreated`, `dateUpdated`, `uid`) VALUES ('13', '13', 'en_us', '', NULL, '1', '2015-09-25 02:09:51', '2015-10-09 01:06:05', 'ff2eeedc-c050-485d-9d97-37332deb023a');
INSERT INTO `tmp_elements_i18n` (`id`, `elementId`, `locale`, `slug`, `uri`, `enabled`, `dateCreated`, `dateUpdated`, `uid`) VALUES ('14', '14', 'en_us', 'wide-image-test-2', NULL, '1', '2015-09-25 02:39:21', '2015-09-25 02:39:21', '0a9f9ea2-f64e-43e4-8b47-6dab87981185');
INSERT INTO `tmp_elements_i18n` (`id`, `elementId`, `locale`, `slug`, `uri`, `enabled`, `dateCreated`, `dateUpdated`, `uid`) VALUES ('15', '15', 'en_us', '', NULL, '1', '2015-09-25 03:13:02', '2015-10-09 01:06:05', '4f11030f-7ef0-4c92-91bf-253e6a4f80d9');
INSERT INTO `tmp_elements_i18n` (`id`, `elementId`, `locale`, `slug`, `uri`, `enabled`, `dateCreated`, `dateUpdated`, `uid`) VALUES ('16', '16', 'en_us', 'test-image-2', NULL, '1', '2015-09-25 03:26:01', '2015-09-25 03:26:01', '1967c237-4900-46a6-b995-0b70b2f8f86d');
INSERT INTO `tmp_elements_i18n` (`id`, `elementId`, `locale`, `slug`, `uri`, `enabled`, `dateCreated`, `dateUpdated`, `uid`) VALUES ('19', '19', 'en_us', 'test-image1', NULL, '1', '2015-09-25 06:01:17', '2015-09-25 06:01:17', '9b4b62a2-e378-4f83-b74f-a3bb4d853c94');
INSERT INTO `tmp_elements_i18n` (`id`, `elementId`, `locale`, `slug`, `uri`, `enabled`, `dateCreated`, `dateUpdated`, `uid`) VALUES ('20', '20', 'en_us', 'test-image2', NULL, '1', '2015-09-25 06:01:18', '2015-09-25 06:01:18', '6b7ab78d-17b7-4c6b-863f-7179b3c8da72');
INSERT INTO `tmp_elements_i18n` (`id`, `elementId`, `locale`, `slug`, `uri`, `enabled`, `dateCreated`, `dateUpdated`, `uid`) VALUES ('21', '21', 'en_us', 'test-image3', NULL, '1', '2015-09-25 06:01:18', '2015-09-25 06:01:18', 'b40a70f3-2cda-499d-b3ef-dd38d06889d0');
INSERT INTO `tmp_elements_i18n` (`id`, `elementId`, `locale`, `slug`, `uri`, `enabled`, `dateCreated`, `dateUpdated`, `uid`) VALUES ('22', '22', 'en_us', 'test-image4', NULL, '1', '2015-09-25 06:01:19', '2015-09-25 06:01:19', '5ebfdee2-dba0-4954-8a6b-6d22d7d2f6ae');
INSERT INTO `tmp_elements_i18n` (`id`, `elementId`, `locale`, `slug`, `uri`, `enabled`, `dateCreated`, `dateUpdated`, `uid`) VALUES ('23', '23', 'en_us', 'test-image5', NULL, '1', '2015-09-25 06:01:19', '2015-09-25 06:01:19', '376aeaeb-d8d0-49f9-85bb-4f06490a2b4d');
INSERT INTO `tmp_elements_i18n` (`id`, `elementId`, `locale`, `slug`, `uri`, `enabled`, `dateCreated`, `dateUpdated`, `uid`) VALUES ('24', '24', 'en_us', 'test-image6', NULL, '1', '2015-09-25 06:01:19', '2015-09-25 06:01:19', 'e7852e5b-8137-4697-9371-da02e2c0b3d1');
INSERT INTO `tmp_elements_i18n` (`id`, `elementId`, `locale`, `slug`, `uri`, `enabled`, `dateCreated`, `dateUpdated`, `uid`) VALUES ('25', '25', 'en_us', 'test-image7', NULL, '1', '2015-09-25 06:01:20', '2015-09-25 06:01:20', '3f26742d-9501-4dda-86bc-08ccf7a55971');
INSERT INTO `tmp_elements_i18n` (`id`, `elementId`, `locale`, `slug`, `uri`, `enabled`, `dateCreated`, `dateUpdated`, `uid`) VALUES ('26', '26', 'en_us', '', NULL, '1', '2015-09-25 06:14:43', '2015-10-09 01:06:05', 'aba0a6c0-97a6-4adb-a428-2a24ac3cff9d');
INSERT INTO `tmp_elements_i18n` (`id`, `elementId`, `locale`, `slug`, `uri`, `enabled`, `dateCreated`, `dateUpdated`, `uid`) VALUES ('27', '27', 'en_us', '', NULL, '1', '2015-09-25 06:14:43', '2015-10-09 01:06:05', '48763533-5ca5-45f3-8496-d55ed0ca9efd');
INSERT INTO `tmp_elements_i18n` (`id`, `elementId`, `locale`, `slug`, `uri`, `enabled`, `dateCreated`, `dateUpdated`, `uid`) VALUES ('28', '28', 'en_us', '', NULL, '1', '2015-09-25 06:14:43', '2015-10-09 01:06:05', '6ee20499-e01d-4819-bb38-e454eddf97f8');
INSERT INTO `tmp_elements_i18n` (`id`, `elementId`, `locale`, `slug`, `uri`, `enabled`, `dateCreated`, `dateUpdated`, `uid`) VALUES ('29', '29', 'en_us', '', NULL, '1', '2015-09-25 06:14:43', '2015-10-09 01:06:05', 'cf619991-d476-4aa2-80b0-29fa9bd11d99');
INSERT INTO `tmp_elements_i18n` (`id`, `elementId`, `locale`, `slug`, `uri`, `enabled`, `dateCreated`, `dateUpdated`, `uid`) VALUES ('30', '30', 'en_us', '', NULL, '1', '2015-09-25 06:24:52', '2015-10-09 01:06:05', '35413c2a-d3fd-4361-a71d-9786ac2e040b');
INSERT INTO `tmp_elements_i18n` (`id`, `elementId`, `locale`, `slug`, `uri`, `enabled`, `dateCreated`, `dateUpdated`, `uid`) VALUES ('31', '31', 'en_us', 'about', 'about', '1', '2015-09-25 22:59:09', '2015-09-26 04:36:50', 'cf09a613-5251-4372-87b3-4f299d09232e');
INSERT INTO `tmp_elements_i18n` (`id`, `elementId`, `locale`, `slug`, `uri`, `enabled`, `dateCreated`, `dateUpdated`, `uid`) VALUES ('32', '32', 'en_us', '', NULL, '1', '2015-09-25 23:00:59', '2015-09-25 23:00:59', 'cdd89477-45f3-4993-91e1-de17bab6210d');
INSERT INTO `tmp_elements_i18n` (`id`, `elementId`, `locale`, `slug`, `uri`, `enabled`, `dateCreated`, `dateUpdated`, `uid`) VALUES ('33', '33', 'en_us', 'about-test', NULL, '1', '2015-09-25 23:09:29', '2015-09-25 23:09:29', 'a4934230-7cb9-44de-9ed2-8f1bbfce5491');
INSERT INTO `tmp_elements_i18n` (`id`, `elementId`, `locale`, `slug`, `uri`, `enabled`, `dateCreated`, `dateUpdated`, `uid`) VALUES ('34', '34', 'en_us', '', NULL, '1', '2015-09-26 20:53:54', '2015-10-08 19:35:02', 'c643d2d3-97df-48d7-867e-8b98bbda780b');
INSERT INTO `tmp_elements_i18n` (`id`, `elementId`, `locale`, `slug`, `uri`, `enabled`, `dateCreated`, `dateUpdated`, `uid`) VALUES ('35', '35', 'en_us', '', NULL, '1', '2015-09-27 16:59:24', '2015-10-06 03:28:58', '4fd8172c-778b-4c6c-a763-c0cb39d59554');
INSERT INTO `tmp_elements_i18n` (`id`, `elementId`, `locale`, `slug`, `uri`, `enabled`, `dateCreated`, `dateUpdated`, `uid`) VALUES ('36', '36', 'en_us', '', NULL, '1', '2015-09-27 17:15:30', '2015-10-06 03:28:58', 'a4567153-8708-4b5e-af33-3245735385c7');
INSERT INTO `tmp_elements_i18n` (`id`, `elementId`, `locale`, `slug`, `uri`, `enabled`, `dateCreated`, `dateUpdated`, `uid`) VALUES ('37', '37', 'en_us', '', NULL, '1', '2015-09-27 17:15:30', '2015-10-06 03:28:58', '3d2680cf-3aee-4c0c-9632-97e8c8bed774');
INSERT INTO `tmp_elements_i18n` (`id`, `elementId`, `locale`, `slug`, `uri`, `enabled`, `dateCreated`, `dateUpdated`, `uid`) VALUES ('38', '38', 'en_us', '', NULL, '1', '2015-09-27 17:15:31', '2015-10-06 03:28:58', '47c19ce3-3e60-448a-9f45-e7b48d6ebddb');
INSERT INTO `tmp_elements_i18n` (`id`, `elementId`, `locale`, `slug`, `uri`, `enabled`, `dateCreated`, `dateUpdated`, `uid`) VALUES ('39', '39', 'en_us', '', NULL, '1', '2015-09-28 01:19:14', '2015-10-08 05:16:36', '48a8d108-97a4-44b0-a498-6cefc1ca4e9b');
INSERT INTO `tmp_elements_i18n` (`id`, `elementId`, `locale`, `slug`, `uri`, `enabled`, `dateCreated`, `dateUpdated`, `uid`) VALUES ('40', '40', 'en_us', 'carnitas-test', NULL, '1', '2015-09-28 05:23:44', '2015-09-28 05:23:44', '17aead9c-729b-47fc-b185-1eff2de4b3e8');
INSERT INTO `tmp_elements_i18n` (`id`, `elementId`, `locale`, `slug`, `uri`, `enabled`, `dateCreated`, `dateUpdated`, `uid`) VALUES ('41', '41', 'en_us', 'carnitas-sweet-potato-hash-with-green-sriracha', 'posts/carnitas-sweet-potato-hash-with-green-sriracha', '1', '2015-09-28 05:27:24', '2015-10-08 05:15:58', '6eae5642-c12b-47cf-9935-6c8dbe3da185');
INSERT INTO `tmp_elements_i18n` (`id`, `elementId`, `locale`, `slug`, `uri`, `enabled`, `dateCreated`, `dateUpdated`, `uid`) VALUES ('42', '42', 'en_us', '', NULL, '1', '2015-09-28 05:27:24', '2015-10-08 05:15:58', '11d11312-e936-4b9c-bc9f-873bb45235e7');
INSERT INTO `tmp_elements_i18n` (`id`, `elementId`, `locale`, `slug`, `uri`, `enabled`, `dateCreated`, `dateUpdated`, `uid`) VALUES ('43', '43', 'en_us', '', NULL, '1', '2015-09-28 05:27:24', '2015-10-08 05:15:58', '60079512-a463-4e43-81e0-b24458b9e1ac');
INSERT INTO `tmp_elements_i18n` (`id`, `elementId`, `locale`, `slug`, `uri`, `enabled`, `dateCreated`, `dateUpdated`, `uid`) VALUES ('45', '45', 'en_us', 'skillet-caramel-apple-crisp', NULL, '1', '2015-09-29 05:45:20', '2015-09-29 05:45:20', '334de9a7-4930-4173-b1e3-7555727e0b0b');
INSERT INTO `tmp_elements_i18n` (`id`, `elementId`, `locale`, `slug`, `uri`, `enabled`, `dateCreated`, `dateUpdated`, `uid`) VALUES ('46', '46', 'en_us', '', NULL, '1', '2015-10-04 19:14:29', '2015-10-08 19:55:24', '7ae9177d-7b9f-4339-8495-217485666e0f');
INSERT INTO `tmp_elements_i18n` (`id`, `elementId`, `locale`, `slug`, `uri`, `enabled`, `dateCreated`, `dateUpdated`, `uid`) VALUES ('47', '47', 'en_us', 'spring', 'recipes/seasonal/spring', '1', '2015-10-04 19:35:02', '2015-10-04 20:03:13', '8fae8333-eac8-4bef-8b93-9b8b05d2fa99');
INSERT INTO `tmp_elements_i18n` (`id`, `elementId`, `locale`, `slug`, `uri`, `enabled`, `dateCreated`, `dateUpdated`, `uid`) VALUES ('48', '48', 'en_us', 'summer', 'recipes/seasonal/summer', '1', '2015-10-04 19:35:08', '2015-10-04 20:02:55', 'c389fdd2-c5f0-434a-b05c-0ddcb71082f4');
INSERT INTO `tmp_elements_i18n` (`id`, `elementId`, `locale`, `slug`, `uri`, `enabled`, `dateCreated`, `dateUpdated`, `uid`) VALUES ('49', '49', 'en_us', 'fall', 'recipes/seasonal/fall', '1', '2015-10-04 19:35:39', '2015-10-04 20:03:14', '09a1ef6e-264d-40ef-b509-be91d63a8708');
INSERT INTO `tmp_elements_i18n` (`id`, `elementId`, `locale`, `slug`, `uri`, `enabled`, `dateCreated`, `dateUpdated`, `uid`) VALUES ('51', '51', 'en_us', 'winter', 'recipes/seasonal/winter', '1', '2015-10-04 19:36:04', '2015-10-04 20:03:06', 'f16c1817-3003-4254-a826-5a7f630805bd');
INSERT INTO `tmp_elements_i18n` (`id`, `elementId`, `locale`, `slug`, `uri`, `enabled`, `dateCreated`, `dateUpdated`, `uid`) VALUES ('52', '52', 'en_us', 'seasonal', 'recipes/seasonal', '1', '2015-10-04 20:02:32', '2015-10-04 20:02:33', '9f988e6d-732d-44f2-b948-f90bab4ff6bb');
INSERT INTO `tmp_elements_i18n` (`id`, `elementId`, `locale`, `slug`, `uri`, `enabled`, `dateCreated`, `dateUpdated`, `uid`) VALUES ('53', '53', 'en_us', 'meals', 'recipes/meals', '1', '2015-10-04 20:06:12', '2015-10-04 20:06:13', '0e8fb7ca-0a96-4197-bc45-e4d77c1e7526');
INSERT INTO `tmp_elements_i18n` (`id`, `elementId`, `locale`, `slug`, `uri`, `enabled`, `dateCreated`, `dateUpdated`, `uid`) VALUES ('54', '54', 'en_us', 'breakfast', 'recipes/meals/breakfast', '1', '2015-10-04 20:06:19', '2015-10-04 20:10:01', 'ed4a43c0-0eba-4472-add3-86e03c658d2f');
INSERT INTO `tmp_elements_i18n` (`id`, `elementId`, `locale`, `slug`, `uri`, `enabled`, `dateCreated`, `dateUpdated`, `uid`) VALUES ('55', '55', 'en_us', 'brunch', 'recipes/meals/brunch', '1', '2015-10-04 20:06:23', '2015-10-04 20:10:04', 'e9c78650-89e5-44ba-8a19-2734fcdf084f');
INSERT INTO `tmp_elements_i18n` (`id`, `elementId`, `locale`, `slug`, `uri`, `enabled`, `dateCreated`, `dateUpdated`, `uid`) VALUES ('56', '56', 'en_us', 'lunch', 'recipes/meals/lunch', '1', '2015-10-04 20:06:26', '2015-10-04 20:10:05', '205e7ade-9921-4bb2-805c-fe5ccc4f37a2');
INSERT INTO `tmp_elements_i18n` (`id`, `elementId`, `locale`, `slug`, `uri`, `enabled`, `dateCreated`, `dateUpdated`, `uid`) VALUES ('57', '57', 'en_us', 'dinner', 'recipes/meals/dinner', '1', '2015-10-04 20:06:30', '2015-10-04 20:10:06', 'a708df18-6e14-4485-a8fe-f953ca0ff640');
INSERT INTO `tmp_elements_i18n` (`id`, `elementId`, `locale`, `slug`, `uri`, `enabled`, `dateCreated`, `dateUpdated`, `uid`) VALUES ('58', '58', 'en_us', 'cocktails', 'recipes/meals/cocktails', '1', '2015-10-04 20:06:43', '2015-10-04 20:10:08', '9341775e-ebfb-4e65-9f82-ea6fe88c2b1f');
INSERT INTO `tmp_elements_i18n` (`id`, `elementId`, `locale`, `slug`, `uri`, `enabled`, `dateCreated`, `dateUpdated`, `uid`) VALUES ('60', '60', 'en_us', '', NULL, '1', '2015-10-04 20:13:03', '2015-10-05 04:05:29', 'bcda2978-83ad-4b22-9848-bf82c17906b0');
INSERT INTO `tmp_elements_i18n` (`id`, `elementId`, `locale`, `slug`, `uri`, `enabled`, `dateCreated`, `dateUpdated`, `uid`) VALUES ('61', '61', 'en_us', 'dessert', 'recipes/meals/dessert', '1', '2015-10-04 20:14:16', '2015-10-04 20:14:22', 'e7683861-b9e8-45bf-8988-3000e3d53252');
INSERT INTO `tmp_elements_i18n` (`id`, `elementId`, `locale`, `slug`, `uri`, `enabled`, `dateCreated`, `dateUpdated`, `uid`) VALUES ('62', '62', 'en_us', 'posts', 'posts', '1', '2015-10-06 03:04:37', '2015-10-06 03:04:37', '998ff1d6-c6f6-4f2f-80e7-098b6f065302');
INSERT INTO `tmp_elements_i18n` (`id`, `elementId`, `locale`, `slug`, `uri`, `enabled`, `dateCreated`, `dateUpdated`, `uid`) VALUES ('63', '63', 'en_us', 'appetizers', 'recipes/meals/appetizers', '1', '2015-10-06 03:38:33', '2015-10-06 03:38:40', 'c895e4db-70f4-4cdc-8f58-600d832c9d41');
INSERT INTO `tmp_elements_i18n` (`id`, `elementId`, `locale`, `slug`, `uri`, `enabled`, `dateCreated`, `dateUpdated`, `uid`) VALUES ('64', '64', 'en_us', 'salads', 'recipes/meals/salads', '1', '2015-10-06 03:39:22', '2015-10-06 03:39:29', '96303295-3c23-44be-93cb-bf9943e4e7ec');
INSERT INTO `tmp_elements_i18n` (`id`, `elementId`, `locale`, `slug`, `uri`, `enabled`, `dateCreated`, `dateUpdated`, `uid`) VALUES ('65', '65', 'en_us', '', NULL, '1', '2015-10-08 19:55:50', '2015-10-08 22:11:46', '4fa546cb-7f0e-4e2d-89d5-8107e24d74ac');
INSERT INTO `tmp_elements_i18n` (`id`, `elementId`, `locale`, `slug`, `uri`, `enabled`, `dateCreated`, `dateUpdated`, `uid`) VALUES ('67', '67', 'en_us', 'tmp-photo', NULL, '1', '2015-10-08 20:22:45', '2015-10-08 20:22:45', 'a4f0466d-6cf8-450f-9c3b-1109d0237726');
INSERT INTO `tmp_elements_i18n` (`id`, `elementId`, `locale`, `slug`, `uri`, `enabled`, `dateCreated`, `dateUpdated`, `uid`) VALUES ('69', '69', 'en_us', '', NULL, '1', '2015-10-08 22:37:36', '2015-10-08 23:29:55', 'fed8adde-7fb7-4cd7-8a9c-fd3f93d85d85');
INSERT INTO `tmp_elements_i18n` (`id`, `elementId`, `locale`, `slug`, `uri`, `enabled`, `dateCreated`, `dateUpdated`, `uid`) VALUES ('70', '70', 'en_us', 'make', NULL, '1', '2015-10-08 22:38:58', '2015-10-08 22:38:58', '32ea40c7-5620-4114-af8a-e5afeabe8cae');
INSERT INTO `tmp_elements_i18n` (`id`, `elementId`, `locale`, `slug`, `uri`, `enabled`, `dateCreated`, `dateUpdated`, `uid`) VALUES ('71', '71', 'en_us', 'post', NULL, '1', '2015-10-08 22:38:58', '2015-10-08 22:38:58', '33760529-0720-4479-8fb4-9ba767f05c11');
INSERT INTO `tmp_elements_i18n` (`id`, `elementId`, `locale`, `slug`, `uri`, `enabled`, `dateCreated`, `dateUpdated`, `uid`) VALUES ('72', '72', 'en_us', 'share', NULL, '1', '2015-10-08 22:38:58', '2015-10-08 22:38:58', '9d328250-70d8-404a-9b7a-2f490d74e96f');
INSERT INTO `tmp_elements_i18n` (`id`, `elementId`, `locale`, `slug`, `uri`, `enabled`, `dateCreated`, `dateUpdated`, `uid`) VALUES ('73', '73', 'en_us', 'shoot', NULL, '1', '2015-10-08 22:38:58', '2015-10-08 22:38:58', 'ce03948f-22c7-4a9f-ac5e-80200aecdddf');
INSERT INTO `tmp_elements_i18n` (`id`, `elementId`, `locale`, `slug`, `uri`, `enabled`, `dateCreated`, `dateUpdated`, `uid`) VALUES ('74', '74', 'en_us', '', NULL, '1', '2015-10-08 22:44:42', '2015-10-08 23:29:55', '6afcf4a7-8a4c-4c4b-b684-2b1c47104386');
INSERT INTO `tmp_elements_i18n` (`id`, `elementId`, `locale`, `slug`, `uri`, `enabled`, `dateCreated`, `dateUpdated`, `uid`) VALUES ('75', '75', 'en_us', '', NULL, '1', '2015-10-08 22:44:42', '2015-10-08 23:29:56', '5f88de36-7387-4278-ab12-46cf3f00d5ce');
INSERT INTO `tmp_elements_i18n` (`id`, `elementId`, `locale`, `slug`, `uri`, `enabled`, `dateCreated`, `dateUpdated`, `uid`) VALUES ('76', '76', 'en_us', '', NULL, '1', '2015-10-08 22:44:42', '2015-10-08 23:29:56', '1bb35528-ab4d-4467-a197-c8899a00d343');
INSERT INTO `tmp_elements_i18n` (`id`, `elementId`, `locale`, `slug`, `uri`, `enabled`, `dateCreated`, `dateUpdated`, `uid`) VALUES ('77', '77', 'en_us', '', NULL, '1', '2015-10-08 22:44:42', '2015-10-08 23:29:56', '16cd61c5-6e52-42ef-8414-6371d3851db0');
INSERT INTO `tmp_elements_i18n` (`id`, `elementId`, `locale`, `slug`, `uri`, `enabled`, `dateCreated`, `dateUpdated`, `uid`) VALUES ('78', '78', 'en_us', 'search-results', 'search/results', '1', '2015-10-09 07:27:35', '2015-10-09 07:27:35', '1758cea4-cd4e-479b-bc4a-0b200d9a0a90');
INSERT INTO `tmp_elements_i18n` (`id`, `elementId`, `locale`, `slug`, `uri`, `enabled`, `dateCreated`, `dateUpdated`, `uid`) VALUES ('79', '79', 'en_us', 'contact', 'contact', '1', '2015-10-09 16:10:13', '2015-10-09 16:10:13', 'e66cceb8-9036-4dff-a16f-50330498eb2d');



DROP TABLE IF EXISTS `tmp_emailmessages`;


--
-- Schema for table `tmp_emailmessages`
--
CREATE TABLE `tmp_emailmessages` (
  `id` int(11) NOT NULL AUTO_INCREMENT,
  `key` char(150) COLLATE utf8_unicode_ci NOT NULL,
  `locale` char(12) COLLATE utf8_unicode_ci NOT NULL,
  `subject` varchar(1000) COLLATE utf8_unicode_ci NOT NULL,
  `body` text COLLATE utf8_unicode_ci NOT NULL,
  `dateCreated` datetime NOT NULL,
  `dateUpdated` datetime NOT NULL,
  `uid` char(36) COLLATE utf8_unicode_ci NOT NULL DEFAULT '0',
  PRIMARY KEY (`id`),
  UNIQUE KEY `tmp_emailmessages_key_locale_unq_idx` (`key`,`locale`),
  KEY `tmp_emailmessages_locale_fk` (`locale`)
) ENGINE=InnoDB DEFAULT CHARSET=utf8 COLLATE=utf8_unicode_ci;

DROP TABLE IF EXISTS `tmp_entries`;


--
-- Schema for table `tmp_entries`
--
CREATE TABLE `tmp_entries` (
  `id` int(11) NOT NULL,
  `sectionId` int(11) NOT NULL,
  `typeId` int(11) DEFAULT NULL,
  `authorId` int(11) DEFAULT NULL,
  `postDate` datetime DEFAULT NULL,
  `expiryDate` datetime DEFAULT NULL,
  `dateCreated` datetime NOT NULL,
  `dateUpdated` datetime NOT NULL,
  `uid` char(36) COLLATE utf8_unicode_ci NOT NULL DEFAULT '0',
  PRIMARY KEY (`id`),
  KEY `tmp_entries_sectionId_idx` (`sectionId`),
  KEY `tmp_entries_typeId_idx` (`typeId`),
  KEY `tmp_entries_postDate_idx` (`postDate`),
  KEY `tmp_entries_expiryDate_idx` (`expiryDate`),
  KEY `tmp_entries_authorId_fk` (`authorId`)
) ENGINE=InnoDB DEFAULT CHARSET=utf8 COLLATE=utf8_unicode_ci;

--
-- Data for table `tmp_entries`
--

INSERT INTO `tmp_entries` (`id`, `sectionId`, `typeId`, `authorId`, `postDate`, `expiryDate`, `dateCreated`, `dateUpdated`, `uid`) VALUES ('2', '1', NULL, NULL, '2015-09-01 17:29:53', NULL, '2015-09-01 17:29:53', '2015-09-25 23:00:06', '33ad078c-d97b-402f-ad3e-9fb7a541d09e');
INSERT INTO `tmp_entries` (`id`, `sectionId`, `typeId`, `authorId`, `postDate`, `expiryDate`, `dateCreated`, `dateUpdated`, `uid`) VALUES ('3', '2', '2', '1', '2015-09-15 17:29:00', NULL, '2015-09-01 17:29:53', '2015-10-09 01:06:20', '3b9e8639-92cd-4c4b-a38c-d9414cef4ac4');
INSERT INTO `tmp_entries` (`id`, `sectionId`, `typeId`, `authorId`, `postDate`, `expiryDate`, `dateCreated`, `dateUpdated`, `uid`) VALUES ('5', '2', '2', '1', '2015-09-16 22:57:00', NULL, '2015-09-17 22:57:24', '2015-10-08 05:16:36', '4bba1096-f55b-42be-83da-f51e09aa3c21');
INSERT INTO `tmp_entries` (`id`, `sectionId`, `typeId`, `authorId`, `postDate`, `expiryDate`, `dateCreated`, `dateUpdated`, `uid`) VALUES ('6', '2', '2', '1', '2015-09-22 23:59:00', NULL, '2015-09-17 23:59:53', '2015-10-09 01:06:05', 'ef3626e2-8687-445e-89e4-701c4c4f55ba');
INSERT INTO `tmp_entries` (`id`, `sectionId`, `typeId`, `authorId`, `postDate`, `expiryDate`, `dateCreated`, `dateUpdated`, `uid`) VALUES ('31', '3', NULL, NULL, '2015-09-25 22:59:09', NULL, '2015-09-25 22:59:09', '2015-09-26 04:36:50', '7b77da91-e79f-4d0f-ad2e-c1718c99d8ca');
INSERT INTO `tmp_entries` (`id`, `sectionId`, `typeId`, `authorId`, `postDate`, `expiryDate`, `dateCreated`, `dateUpdated`, `uid`) VALUES ('41', '2', '2', '1', '2015-09-25 00:00:00', NULL, '2015-09-28 05:27:24', '2015-10-08 05:15:58', '7208e507-759e-49ce-a36f-dfeef62d14cd');
INSERT INTO `tmp_entries` (`id`, `sectionId`, `typeId`, `authorId`, `postDate`, `expiryDate`, `dateCreated`, `dateUpdated`, `uid`) VALUES ('62', '4', NULL, NULL, '2015-10-06 03:04:37', NULL, '2015-10-06 03:04:37', '2015-10-06 03:04:37', '13a3cfe4-3feb-48d7-a603-297300b80d19');
INSERT INTO `tmp_entries` (`id`, `sectionId`, `typeId`, `authorId`, `postDate`, `expiryDate`, `dateCreated`, `dateUpdated`, `uid`) VALUES ('78', '6', NULL, NULL, '2015-10-09 07:27:35', NULL, '2015-10-09 07:27:35', '2015-10-09 07:27:35', 'fdc50b0d-3bb4-4109-8a59-a8bd8401fe7a');
INSERT INTO `tmp_entries` (`id`, `sectionId`, `typeId`, `authorId`, `postDate`, `expiryDate`, `dateCreated`, `dateUpdated`, `uid`) VALUES ('79', '7', NULL, NULL, '2015-10-09 16:10:13', NULL, '2015-10-09 16:10:13', '2015-10-09 16:10:13', '4e4a4f8c-a565-4499-8b2f-438b7dfa452b');



DROP TABLE IF EXISTS `tmp_entrydrafts`;


--
-- Schema for table `tmp_entrydrafts`
--
CREATE TABLE `tmp_entrydrafts` (
  `id` int(11) NOT NULL AUTO_INCREMENT,
  `entryId` int(11) NOT NULL,
  `sectionId` int(11) NOT NULL,
  `creatorId` int(11) NOT NULL,
  `locale` char(12) COLLATE utf8_unicode_ci NOT NULL,
  `name` varchar(255) COLLATE utf8_unicode_ci NOT NULL,
  `notes` tinytext COLLATE utf8_unicode_ci,
  `data` mediumtext COLLATE utf8_unicode_ci NOT NULL,
  `dateCreated` datetime NOT NULL,
  `dateUpdated` datetime NOT NULL,
  `uid` char(36) COLLATE utf8_unicode_ci NOT NULL DEFAULT '0',
  PRIMARY KEY (`id`),
  KEY `tmp_entrydrafts_entryId_locale_idx` (`entryId`,`locale`),
  KEY `tmp_entrydrafts_sectionId_fk` (`sectionId`),
  KEY `tmp_entrydrafts_creatorId_fk` (`creatorId`),
  KEY `tmp_entrydrafts_locale_fk` (`locale`)
) ENGINE=InnoDB DEFAULT CHARSET=utf8 COLLATE=utf8_unicode_ci;

DROP TABLE IF EXISTS `tmp_entrytypes`;


--
-- Schema for table `tmp_entrytypes`
--
CREATE TABLE `tmp_entrytypes` (
  `id` int(11) NOT NULL AUTO_INCREMENT,
  `sectionId` int(11) NOT NULL,
  `fieldLayoutId` int(11) DEFAULT NULL,
  `name` varchar(255) COLLATE utf8_unicode_ci NOT NULL,
  `handle` varchar(255) COLLATE utf8_unicode_ci NOT NULL,
  `hasTitleField` tinyint(1) unsigned NOT NULL DEFAULT '1',
  `titleLabel` varchar(255) COLLATE utf8_unicode_ci DEFAULT 'Title',
  `titleFormat` varchar(255) COLLATE utf8_unicode_ci DEFAULT NULL,
  `sortOrder` tinyint(4) DEFAULT NULL,
  `dateCreated` datetime NOT NULL,
  `dateUpdated` datetime NOT NULL,
  `uid` char(36) COLLATE utf8_unicode_ci NOT NULL DEFAULT '0',
  PRIMARY KEY (`id`),
  UNIQUE KEY `tmp_entrytypes_name_sectionId_unq_idx` (`name`,`sectionId`),
  UNIQUE KEY `tmp_entrytypes_handle_sectionId_unq_idx` (`handle`,`sectionId`),
  KEY `tmp_entrytypes_sectionId_fk` (`sectionId`),
  KEY `tmp_entrytypes_fieldLayoutId_fk` (`fieldLayoutId`)
) ENGINE=InnoDB AUTO_INCREMENT=8 DEFAULT CHARSET=utf8 COLLATE=utf8_unicode_ci;

--
-- Data for table `tmp_entrytypes`
--

INSERT INTO `tmp_entrytypes` (`id`, `sectionId`, `fieldLayoutId`, `name`, `handle`, `hasTitleField`, `titleLabel`, `titleFormat`, `sortOrder`, `dateCreated`, `dateUpdated`, `uid`) VALUES ('1', '1', '79', 'Homepage', 'homepage', '1', 'Title', NULL, NULL, '2015-09-01 17:29:53', '2015-09-26 20:57:47', 'ea65e9fd-22f9-4db1-bc6d-11d12a749233');
INSERT INTO `tmp_entrytypes` (`id`, `sectionId`, `fieldLayoutId`, `name`, `handle`, `hasTitleField`, `titleLabel`, `titleFormat`, `sortOrder`, `dateCreated`, `dateUpdated`, `uid`) VALUES ('2', '2', '106', 'Posts', 'posts', '1', 'Post Title', NULL, NULL, '2015-09-01 17:29:53', '2015-10-08 05:14:40', 'e7fc0269-c7b6-423f-8fad-5475261b6dad');
INSERT INTO `tmp_entrytypes` (`id`, `sectionId`, `fieldLayoutId`, `name`, `handle`, `hasTitleField`, `titleLabel`, `titleFormat`, `sortOrder`, `dateCreated`, `dateUpdated`, `uid`) VALUES ('3', '3', '78', 'About', 'about', '0', NULL, '{section.name|raw}', NULL, '2015-09-25 22:59:09', '2015-09-26 20:57:29', 'b5eb33cd-074d-4c7d-9d12-b17c887b5637');
INSERT INTO `tmp_entrytypes` (`id`, `sectionId`, `fieldLayoutId`, `name`, `handle`, `hasTitleField`, `titleLabel`, `titleFormat`, `sortOrder`, `dateCreated`, `dateUpdated`, `uid`) VALUES ('4', '4', '104', 'Posts', 'posts', '0', NULL, '{section.name|raw}', NULL, '2015-10-06 03:04:37', '2015-10-06 03:04:37', 'cbdd8ab8-46a7-453f-8c3f-494f1bbaa8f6');
INSERT INTO `tmp_entrytypes` (`id`, `sectionId`, `fieldLayoutId`, `name`, `handle`, `hasTitleField`, `titleLabel`, `titleFormat`, `sortOrder`, `dateCreated`, `dateUpdated`, `uid`) VALUES ('6', '6', '115', 'Search Results', 'searchResults', '0', NULL, '{section.name|raw}', NULL, '2015-10-09 07:27:35', '2015-10-09 07:27:35', '05a8cdc0-a4fd-4fa9-8ff7-42dd35b13102');
INSERT INTO `tmp_entrytypes` (`id`, `sectionId`, `fieldLayoutId`, `name`, `handle`, `hasTitleField`, `titleLabel`, `titleFormat`, `sortOrder`, `dateCreated`, `dateUpdated`, `uid`) VALUES ('7', '7', '116', 'Contact', 'contact', '0', NULL, '{section.name|raw}', NULL, '2015-10-09 16:10:13', '2015-10-09 16:10:13', '33392ad9-8455-4006-8b67-f0fbd023b986');



DROP TABLE IF EXISTS `tmp_entryversions`;


--
-- Schema for table `tmp_entryversions`
--
CREATE TABLE `tmp_entryversions` (
  `id` int(11) NOT NULL AUTO_INCREMENT,
  `entryId` int(11) NOT NULL,
  `sectionId` int(11) NOT NULL,
  `creatorId` int(11) DEFAULT NULL,
  `locale` char(12) COLLATE utf8_unicode_ci NOT NULL,
  `num` smallint(6) unsigned NOT NULL,
  `notes` tinytext COLLATE utf8_unicode_ci,
  `data` mediumtext COLLATE utf8_unicode_ci NOT NULL,
  `dateCreated` datetime NOT NULL,
  `dateUpdated` datetime NOT NULL,
  `uid` char(36) COLLATE utf8_unicode_ci NOT NULL DEFAULT '0',
  PRIMARY KEY (`id`),
  KEY `tmp_entryversions_entryId_locale_idx` (`entryId`,`locale`),
  KEY `tmp_entryversions_sectionId_fk` (`sectionId`),
  KEY `tmp_entryversions_creatorId_fk` (`creatorId`),
  KEY `tmp_entryversions_locale_fk` (`locale`)
) ENGINE=InnoDB DEFAULT CHARSET=utf8 COLLATE=utf8_unicode_ci;

DROP TABLE IF EXISTS `tmp_fieldgroups`;


--
-- Schema for table `tmp_fieldgroups`
--
CREATE TABLE `tmp_fieldgroups` (
  `id` int(11) NOT NULL AUTO_INCREMENT,
  `name` varchar(255) COLLATE utf8_unicode_ci NOT NULL,
  `dateCreated` datetime NOT NULL,
  `dateUpdated` datetime NOT NULL,
  `uid` char(36) COLLATE utf8_unicode_ci NOT NULL DEFAULT '0',
  PRIMARY KEY (`id`),
  UNIQUE KEY `tmp_fieldgroups_name_unq_idx` (`name`)
) ENGINE=InnoDB AUTO_INCREMENT=9 DEFAULT CHARSET=utf8 COLLATE=utf8_unicode_ci;

--
-- Data for table `tmp_fieldgroups`
--

INSERT INTO `tmp_fieldgroups` (`id`, `name`, `dateCreated`, `dateUpdated`, `uid`) VALUES ('1', 'Default', '2015-09-01 17:29:53', '2015-09-01 17:29:53', '541b34d6-1be3-409b-88cf-0bdce9101ff0');
INSERT INTO `tmp_fieldgroups` (`id`, `name`, `dateCreated`, `dateUpdated`, `uid`) VALUES ('2', 'Posts', '2015-09-17 22:17:22', '2015-09-17 22:17:22', 'a3caa9ac-c9cb-4fc8-bb92-91b5c71e9793');
INSERT INTO `tmp_fieldgroups` (`id`, `name`, `dateCreated`, `dateUpdated`, `uid`) VALUES ('4', 'SEO', '2015-09-26 20:46:38', '2015-09-26 20:46:38', '4871357e-3d7a-4773-9a35-1732e7834fb8');
INSERT INTO `tmp_fieldgroups` (`id`, `name`, `dateCreated`, `dateUpdated`, `uid`) VALUES ('5', 'Navigation', '2015-09-27 16:56:00', '2015-09-27 16:56:00', '8feb5200-e0bf-4ed5-b598-7e31e39307ba');
INSERT INTO `tmp_fieldgroups` (`id`, `name`, `dateCreated`, `dateUpdated`, `uid`) VALUES ('6', 'Featured Posts', '2015-10-04 19:14:43', '2015-10-04 19:14:43', 'f9fb85ab-9aa1-40ee-88e0-e47f969a4bdb');
INSERT INTO `tmp_fieldgroups` (`id`, `name`, `dateCreated`, `dateUpdated`, `uid`) VALUES ('7', 'Aside Column', '2015-10-08 19:52:11', '2015-10-08 19:52:23', '4e54b606-2d89-40d7-ae54-e554a68b6be6');
INSERT INTO `tmp_fieldgroups` (`id`, `name`, `dateCreated`, `dateUpdated`, `uid`) VALUES ('8', 'Instructions', '2015-10-08 22:32:05', '2015-10-08 22:32:05', '7db966a4-ae15-487c-b1b7-e337a3d29333');



DROP TABLE IF EXISTS `tmp_fieldlayoutfields`;


--
-- Schema for table `tmp_fieldlayoutfields`
--
CREATE TABLE `tmp_fieldlayoutfields` (
  `id` int(11) NOT NULL AUTO_INCREMENT,
  `layoutId` int(11) NOT NULL,
  `tabId` int(11) NOT NULL,
  `fieldId` int(11) NOT NULL,
  `required` tinyint(1) unsigned NOT NULL DEFAULT '0',
  `sortOrder` tinyint(4) DEFAULT NULL,
  `dateCreated` datetime NOT NULL,
  `dateUpdated` datetime NOT NULL,
  `uid` char(36) COLLATE utf8_unicode_ci NOT NULL DEFAULT '0',
  PRIMARY KEY (`id`),
  UNIQUE KEY `tmp_fieldlayoutfields_layoutId_fieldId_unq_idx` (`layoutId`,`fieldId`),
  KEY `tmp_fieldlayoutfields_sortOrder_idx` (`sortOrder`),
  KEY `tmp_fieldlayoutfields_tabId_fk` (`tabId`),
  KEY `tmp_fieldlayoutfields_fieldId_fk` (`fieldId`)
) ENGINE=InnoDB AUTO_INCREMENT=343 DEFAULT CHARSET=utf8 COLLATE=utf8_unicode_ci;

--
-- Data for table `tmp_fieldlayoutfields`
--

INSERT INTO `tmp_fieldlayoutfields` (`id`, `layoutId`, `tabId`, `fieldId`, `required`, `sortOrder`, `dateCreated`, `dateUpdated`, `uid`) VALUES ('255', '78', '73', '5', '0', '1', '2015-09-26 20:57:29', '2015-09-26 20:57:29', '9263b78e-d389-4d49-a312-0f62f93eb57f');
INSERT INTO `tmp_fieldlayoutfields` (`id`, `layoutId`, `tabId`, `fieldId`, `required`, `sortOrder`, `dateCreated`, `dateUpdated`, `uid`) VALUES ('256', '78', '73', '1', '0', '2', '2015-09-26 20:57:29', '2015-09-26 20:57:29', '2b1f313f-5837-4258-b1b6-4f92207e189a');
INSERT INTO `tmp_fieldlayoutfields` (`id`, `layoutId`, `tabId`, `fieldId`, `required`, `sortOrder`, `dateCreated`, `dateUpdated`, `uid`) VALUES ('257', '78', '74', '27', '0', '1', '2015-09-26 20:57:29', '2015-09-26 20:57:29', '93dd5c87-770c-41cf-859b-5c214e55e152');
INSERT INTO `tmp_fieldlayoutfields` (`id`, `layoutId`, `tabId`, `fieldId`, `required`, `sortOrder`, `dateCreated`, `dateUpdated`, `uid`) VALUES ('258', '78', '74', '25', '0', '2', '2015-09-26 20:57:29', '2015-09-26 20:57:29', 'f7990e7b-b34a-490a-8dfe-57192b95da8d');
INSERT INTO `tmp_fieldlayoutfields` (`id`, `layoutId`, `tabId`, `fieldId`, `required`, `sortOrder`, `dateCreated`, `dateUpdated`, `uid`) VALUES ('259', '78', '74', '26', '0', '3', '2015-09-26 20:57:29', '2015-09-26 20:57:29', '1226286e-ec8b-4c51-9e6c-70de2970af0e');
INSERT INTO `tmp_fieldlayoutfields` (`id`, `layoutId`, `tabId`, `fieldId`, `required`, `sortOrder`, `dateCreated`, `dateUpdated`, `uid`) VALUES ('260', '79', '75', '1', '1', '1', '2015-09-26 20:57:47', '2015-09-26 20:57:47', 'c31adf8c-41e5-4234-b9c0-90388d041b05');
INSERT INTO `tmp_fieldlayoutfields` (`id`, `layoutId`, `tabId`, `fieldId`, `required`, `sortOrder`, `dateCreated`, `dateUpdated`, `uid`) VALUES ('261', '79', '76', '27', '0', '1', '2015-09-26 20:57:47', '2015-09-26 20:57:47', '28242794-b22d-4d6d-bfef-4d5b74af741a');
INSERT INTO `tmp_fieldlayoutfields` (`id`, `layoutId`, `tabId`, `fieldId`, `required`, `sortOrder`, `dateCreated`, `dateUpdated`, `uid`) VALUES ('262', '79', '76', '25', '0', '2', '2015-09-26 20:57:47', '2015-09-26 20:57:47', '788665f0-6923-4a02-98f4-ad862c92742f');
INSERT INTO `tmp_fieldlayoutfields` (`id`, `layoutId`, `tabId`, `fieldId`, `required`, `sortOrder`, `dateCreated`, `dateUpdated`, `uid`) VALUES ('263', '79', '76', '26', '0', '3', '2015-09-26 20:57:47', '2015-09-26 20:57:47', 'a054bd55-4580-4d5f-be3a-52af885732e9');
INSERT INTO `tmp_fieldlayoutfields` (`id`, `layoutId`, `tabId`, `fieldId`, `required`, `sortOrder`, `dateCreated`, `dateUpdated`, `uid`) VALUES ('273', '83', '82', '31', '0', '1', '2015-09-27 17:05:03', '2015-09-27 17:05:03', '9507807d-19ae-4f16-8e34-456322f9f0c0');
INSERT INTO `tmp_fieldlayoutfields` (`id`, `layoutId`, `tabId`, `fieldId`, `required`, `sortOrder`, `dateCreated`, `dateUpdated`, `uid`) VALUES ('275', '85', '84', '28', '0', '1', '2015-09-27 17:07:58', '2015-09-27 17:07:58', 'd8ae7aa7-e09e-4064-8a19-227dd1dd85f5');
INSERT INTO `tmp_fieldlayoutfields` (`id`, `layoutId`, `tabId`, `fieldId`, `required`, `sortOrder`, `dateCreated`, `dateUpdated`, `uid`) VALUES ('276', '85', '84', '30', '0', '2', '2015-09-27 17:07:58', '2015-09-27 17:07:58', '063cc5e4-68b7-4d77-94fc-f6b5cbc5d08c');
INSERT INTO `tmp_fieldlayoutfields` (`id`, `layoutId`, `tabId`, `fieldId`, `required`, `sortOrder`, `dateCreated`, `dateUpdated`, `uid`) VALUES ('277', '85', '84', '29', '0', '3', '2015-09-27 17:07:58', '2015-09-27 17:07:58', 'be8d0a26-5281-4de8-9cd4-a757dcbf91b4');
INSERT INTO `tmp_fieldlayoutfields` (`id`, `layoutId`, `tabId`, `fieldId`, `required`, `sortOrder`, `dateCreated`, `dateUpdated`, `uid`) VALUES ('278', '86', '85', '32', '0', '1', '2015-09-27 17:15:50', '2015-09-27 17:15:50', '161152d3-4723-456c-a5b0-a3764896f1c0');
INSERT INTO `tmp_fieldlayoutfields` (`id`, `layoutId`, `tabId`, `fieldId`, `required`, `sortOrder`, `dateCreated`, `dateUpdated`, `uid`) VALUES ('279', '87', '86', '7', '0', '1', '2015-09-29 05:46:12', '2015-09-29 05:46:12', '622862d4-ed2f-4aa1-b823-2e09a84bf4c2');
INSERT INTO `tmp_fieldlayoutfields` (`id`, `layoutId`, `tabId`, `fieldId`, `required`, `sortOrder`, `dateCreated`, `dateUpdated`, `uid`) VALUES ('280', '87', '86', '8', '0', '2', '2015-09-29 05:46:12', '2015-09-29 05:46:12', '04f03349-dc82-47e3-b01f-67c5f43cf790');
INSERT INTO `tmp_fieldlayoutfields` (`id`, `layoutId`, `tabId`, `fieldId`, `required`, `sortOrder`, `dateCreated`, `dateUpdated`, `uid`) VALUES ('281', '87', '86', '9', '0', '3', '2015-09-29 05:46:12', '2015-09-29 05:46:12', 'f2bdda92-b64e-4bff-9f94-fdb3957923fe');
INSERT INTO `tmp_fieldlayoutfields` (`id`, `layoutId`, `tabId`, `fieldId`, `required`, `sortOrder`, `dateCreated`, `dateUpdated`, `uid`) VALUES ('282', '87', '86', '10', '0', '4', '2015-09-29 05:46:12', '2015-09-29 05:46:12', '7eae174c-3768-4310-b2ff-36e530d13247');
INSERT INTO `tmp_fieldlayoutfields` (`id`, `layoutId`, `tabId`, `fieldId`, `required`, `sortOrder`, `dateCreated`, `dateUpdated`, `uid`) VALUES ('283', '88', '87', '17', '0', '1', '2015-09-29 05:46:12', '2015-09-29 05:46:12', '4716b791-d6b7-4ecb-a913-c8316f4b8a20');
INSERT INTO `tmp_fieldlayoutfields` (`id`, `layoutId`, `tabId`, `fieldId`, `required`, `sortOrder`, `dateCreated`, `dateUpdated`, `uid`) VALUES ('284', '88', '87', '18', '0', '2', '2015-09-29 05:46:12', '2015-09-29 05:46:12', '88a6ae54-f478-4f7f-84ca-b4dd0a2f8f15');
INSERT INTO `tmp_fieldlayoutfields` (`id`, `layoutId`, `tabId`, `fieldId`, `required`, `sortOrder`, `dateCreated`, `dateUpdated`, `uid`) VALUES ('285', '88', '87', '19', '0', '3', '2015-09-29 05:46:12', '2015-09-29 05:46:12', 'b03494c0-7ccf-42fb-a5f8-8416dee3ad97');
INSERT INTO `tmp_fieldlayoutfields` (`id`, `layoutId`, `tabId`, `fieldId`, `required`, `sortOrder`, `dateCreated`, `dateUpdated`, `uid`) VALUES ('286', '88', '87', '20', '0', '4', '2015-09-29 05:46:12', '2015-09-29 05:46:12', '87b5620d-94a9-4419-9927-2e7d1e5df845');
INSERT INTO `tmp_fieldlayoutfields` (`id`, `layoutId`, `tabId`, `fieldId`, `required`, `sortOrder`, `dateCreated`, `dateUpdated`, `uid`) VALUES ('287', '88', '87', '21', '0', '5', '2015-09-29 05:46:12', '2015-09-29 05:46:12', '864cbb63-cb66-4456-9045-250db513275d');
INSERT INTO `tmp_fieldlayoutfields` (`id`, `layoutId`, `tabId`, `fieldId`, `required`, `sortOrder`, `dateCreated`, `dateUpdated`, `uid`) VALUES ('288', '89', '88', '11', '1', '1', '2015-09-29 05:46:12', '2015-09-29 05:46:12', '823d1e60-3370-4e5c-ad3c-8a36d91f55ad');
INSERT INTO `tmp_fieldlayoutfields` (`id`, `layoutId`, `tabId`, `fieldId`, `required`, `sortOrder`, `dateCreated`, `dateUpdated`, `uid`) VALUES ('289', '89', '88', '14', '0', '2', '2015-09-29 05:46:12', '2015-09-29 05:46:12', '6d550a47-b8d1-4219-a6d9-510b28c7aedf');
INSERT INTO `tmp_fieldlayoutfields` (`id`, `layoutId`, `tabId`, `fieldId`, `required`, `sortOrder`, `dateCreated`, `dateUpdated`, `uid`) VALUES ('290', '89', '88', '12', '0', '3', '2015-09-29 05:46:12', '2015-09-29 05:46:12', '8ff7f963-4655-4f87-afe6-b0afe3b10af6');
INSERT INTO `tmp_fieldlayoutfields` (`id`, `layoutId`, `tabId`, `fieldId`, `required`, `sortOrder`, `dateCreated`, `dateUpdated`, `uid`) VALUES ('291', '89', '88', '13', '0', '4', '2015-09-29 05:46:12', '2015-09-29 05:46:12', '668a1167-d363-41c8-97c8-666547544c14');
INSERT INTO `tmp_fieldlayoutfields` (`id`, `layoutId`, `tabId`, `fieldId`, `required`, `sortOrder`, `dateCreated`, `dateUpdated`, `uid`) VALUES ('292', '89', '88', '24', '0', '5', '2015-09-29 05:46:12', '2015-09-29 05:46:12', 'df11c4fc-6658-47cf-9f1a-771d4ac0c81a');
INSERT INTO `tmp_fieldlayoutfields` (`id`, `layoutId`, `tabId`, `fieldId`, `required`, `sortOrder`, `dateCreated`, `dateUpdated`, `uid`) VALUES ('293', '90', '89', '23', '0', '1', '2015-09-29 05:46:13', '2015-09-29 05:46:13', 'b261b2ea-3bb6-4f98-aa90-8e3c17afcb22');
INSERT INTO `tmp_fieldlayoutfields` (`id`, `layoutId`, `tabId`, `fieldId`, `required`, `sortOrder`, `dateCreated`, `dateUpdated`, `uid`) VALUES ('294', '90', '89', '15', '0', '2', '2015-09-29 05:46:13', '2015-09-29 05:46:13', '2be8efe2-12ad-479f-87b7-57a7d52a2231');
INSERT INTO `tmp_fieldlayoutfields` (`id`, `layoutId`, `tabId`, `fieldId`, `required`, `sortOrder`, `dateCreated`, `dateUpdated`, `uid`) VALUES ('295', '90', '89', '22', '0', '3', '2015-09-29 05:46:13', '2015-09-29 05:46:13', '92d1c293-5b30-419a-b98d-8618c8d091e6');
INSERT INTO `tmp_fieldlayoutfields` (`id`, `layoutId`, `tabId`, `fieldId`, `required`, `sortOrder`, `dateCreated`, `dateUpdated`, `uid`) VALUES ('298', '96', '92', '33', '0', '1', '2015-10-04 19:39:06', '2015-10-04 19:39:06', 'b4273197-6fed-416a-8c9b-dec64def6b32');
INSERT INTO `tmp_fieldlayoutfields` (`id`, `layoutId`, `tabId`, `fieldId`, `required`, `sortOrder`, `dateCreated`, `dateUpdated`, `uid`) VALUES ('299', '96', '92', '34', '0', '2', '2015-10-04 19:39:06', '2015-10-04 19:39:06', '39837212-36ed-4bf3-8c7e-4e7a57b1ab6b');
INSERT INTO `tmp_fieldlayoutfields` (`id`, `layoutId`, `tabId`, `fieldId`, `required`, `sortOrder`, `dateCreated`, `dateUpdated`, `uid`) VALUES ('300', '96', '92', '35', '0', '3', '2015-10-04 19:39:06', '2015-10-04 19:39:06', '8f44266d-e1d9-41ec-b1b6-15e3660e8f2b');
INSERT INTO `tmp_fieldlayoutfields` (`id`, `layoutId`, `tabId`, `fieldId`, `required`, `sortOrder`, `dateCreated`, `dateUpdated`, `uid`) VALUES ('312', '103', '99', '36', '0', '1', '2015-10-05 04:46:07', '2015-10-05 04:46:07', '135c1d96-5b63-4d81-884f-266eb5aa58ed');
INSERT INTO `tmp_fieldlayoutfields` (`id`, `layoutId`, `tabId`, `fieldId`, `required`, `sortOrder`, `dateCreated`, `dateUpdated`, `uid`) VALUES ('322', '106', '103', '4', '0', '1', '2015-10-08 05:14:40', '2015-10-08 05:14:40', 'f0a9291b-9348-4500-9401-876158d0800a');
INSERT INTO `tmp_fieldlayoutfields` (`id`, `layoutId`, `tabId`, `fieldId`, `required`, `sortOrder`, `dateCreated`, `dateUpdated`, `uid`) VALUES ('323', '106', '103', '5', '0', '2', '2015-10-08 05:14:40', '2015-10-08 05:14:40', '0b150900-fcac-400e-a4b7-0fa5933f8ef0');
INSERT INTO `tmp_fieldlayoutfields` (`id`, `layoutId`, `tabId`, `fieldId`, `required`, `sortOrder`, `dateCreated`, `dateUpdated`, `uid`) VALUES ('324', '106', '103', '38', '0', '3', '2015-10-08 05:14:40', '2015-10-08 05:14:40', '3f7e9b35-5970-4fa3-8991-e347fefd9775');
INSERT INTO `tmp_fieldlayoutfields` (`id`, `layoutId`, `tabId`, `fieldId`, `required`, `sortOrder`, `dateCreated`, `dateUpdated`, `uid`) VALUES ('325', '106', '104', '16', '0', '1', '2015-10-08 05:14:40', '2015-10-08 05:14:40', '72f7a619-d3db-42ac-bd61-2c77023a525d');
INSERT INTO `tmp_fieldlayoutfields` (`id`, `layoutId`, `tabId`, `fieldId`, `required`, `sortOrder`, `dateCreated`, `dateUpdated`, `uid`) VALUES ('326', '106', '104', '6', '0', '2', '2015-10-08 05:14:40', '2015-10-08 05:14:40', 'e2995fe3-ce4d-44cf-b052-27b5ee8f87e2');
INSERT INTO `tmp_fieldlayoutfields` (`id`, `layoutId`, `tabId`, `fieldId`, `required`, `sortOrder`, `dateCreated`, `dateUpdated`, `uid`) VALUES ('327', '106', '105', '25', '0', '1', '2015-10-08 05:14:40', '2015-10-08 05:14:40', '1980ae11-dc07-448b-8c92-027404734316');
INSERT INTO `tmp_fieldlayoutfields` (`id`, `layoutId`, `tabId`, `fieldId`, `required`, `sortOrder`, `dateCreated`, `dateUpdated`, `uid`) VALUES ('328', '106', '105', '26', '0', '2', '2015-10-08 05:14:40', '2015-10-08 05:14:40', 'f161fded-6f3d-40af-97e1-8a6fcd577662');
INSERT INTO `tmp_fieldlayoutfields` (`id`, `layoutId`, `tabId`, `fieldId`, `required`, `sortOrder`, `dateCreated`, `dateUpdated`, `uid`) VALUES ('329', '106', '105', '27', '0', '3', '2015-10-08 05:14:40', '2015-10-08 05:14:40', '1752a7c3-bfdf-4e0d-a08a-75a2b0f5eb7a');
INSERT INTO `tmp_fieldlayoutfields` (`id`, `layoutId`, `tabId`, `fieldId`, `required`, `sortOrder`, `dateCreated`, `dateUpdated`, `uid`) VALUES ('330', '108', '106', '40', '0', '1', '2015-10-08 19:55:50', '2015-10-08 19:55:50', '1ea169d0-95b3-48b7-9e25-3df22bdcbea1');
INSERT INTO `tmp_fieldlayoutfields` (`id`, `layoutId`, `tabId`, `fieldId`, `required`, `sortOrder`, `dateCreated`, `dateUpdated`, `uid`) VALUES ('331', '108', '106', '41', '0', '2', '2015-10-08 19:55:50', '2015-10-08 19:55:50', '02507408-8423-41cb-a3af-4d1ea23a4796');
INSERT INTO `tmp_fieldlayoutfields` (`id`, `layoutId`, `tabId`, `fieldId`, `required`, `sortOrder`, `dateCreated`, `dateUpdated`, `uid`) VALUES ('332', '108', '106', '42', '0', '3', '2015-10-08 19:55:50', '2015-10-08 19:55:50', 'e1972b86-ef51-446b-8ce1-224111d3751f');
INSERT INTO `tmp_fieldlayoutfields` (`id`, `layoutId`, `tabId`, `fieldId`, `required`, `sortOrder`, `dateCreated`, `dateUpdated`, `uid`) VALUES ('336', '112', '108', '43', '0', '1', '2015-10-08 22:37:36', '2015-10-08 22:37:36', 'effd5e9a-d043-469b-a7f1-49bdc083d01a');
INSERT INTO `tmp_fieldlayoutfields` (`id`, `layoutId`, `tabId`, `fieldId`, `required`, `sortOrder`, `dateCreated`, `dateUpdated`, `uid`) VALUES ('340', '114', '110', '44', '0', '1', '2015-10-08 22:44:54', '2015-10-08 22:44:54', '482151b6-1438-4277-915c-389374aaf56f');
INSERT INTO `tmp_fieldlayoutfields` (`id`, `layoutId`, `tabId`, `fieldId`, `required`, `sortOrder`, `dateCreated`, `dateUpdated`, `uid`) VALUES ('341', '114', '110', '45', '0', '2', '2015-10-08 22:44:54', '2015-10-08 22:44:54', '456ffe64-1cae-4771-8a5e-687919c724ac');
INSERT INTO `tmp_fieldlayoutfields` (`id`, `layoutId`, `tabId`, `fieldId`, `required`, `sortOrder`, `dateCreated`, `dateUpdated`, `uid`) VALUES ('342', '114', '110', '46', '0', '3', '2015-10-08 22:44:54', '2015-10-08 22:44:54', 'b504481c-acba-48c4-abd3-af2c04b07079');



DROP TABLE IF EXISTS `tmp_fieldlayouts`;


--
-- Schema for table `tmp_fieldlayouts`
--
CREATE TABLE `tmp_fieldlayouts` (
  `id` int(11) NOT NULL AUTO_INCREMENT,
  `type` varchar(150) COLLATE utf8_unicode_ci NOT NULL,
  `dateCreated` datetime NOT NULL,
  `dateUpdated` datetime NOT NULL,
  `uid` char(36) COLLATE utf8_unicode_ci NOT NULL DEFAULT '0',
  PRIMARY KEY (`id`),
  KEY `tmp_fieldlayouts_type_idx` (`type`)
) ENGINE=InnoDB AUTO_INCREMENT=117 DEFAULT CHARSET=utf8 COLLATE=utf8_unicode_ci;

--
-- Data for table `tmp_fieldlayouts`
--

INSERT INTO `tmp_fieldlayouts` (`id`, `type`, `dateCreated`, `dateUpdated`, `uid`) VALUES ('1', 'Tag', '2015-09-01 17:29:53', '2015-09-01 17:29:53', '5899acb6-32d8-4e72-8e1d-b4123df8734a');
INSERT INTO `tmp_fieldlayouts` (`id`, `type`, `dateCreated`, `dateUpdated`, `uid`) VALUES ('8', 'Asset', '2015-09-17 22:43:11', '2015-09-17 22:43:11', '3eae6854-d4a3-47ac-a7ce-3dc8a61e4529');
INSERT INTO `tmp_fieldlayouts` (`id`, `type`, `dateCreated`, `dateUpdated`, `uid`) VALUES ('78', 'Entry', '2015-09-26 20:57:29', '2015-09-26 20:57:29', '1c9c008e-04a4-4508-9fea-0c59392a8fc2');
INSERT INTO `tmp_fieldlayouts` (`id`, `type`, `dateCreated`, `dateUpdated`, `uid`) VALUES ('79', 'Entry', '2015-09-26 20:57:47', '2015-09-26 20:57:47', 'd4735ab1-4eec-4bec-a14b-858dc4344643');
INSERT INTO `tmp_fieldlayouts` (`id`, `type`, `dateCreated`, `dateUpdated`, `uid`) VALUES ('83', 'GlobalSet', '2015-09-27 17:05:03', '2015-09-27 17:05:03', '7fc53367-739d-4b01-a3ed-386b7afa14e7');
INSERT INTO `tmp_fieldlayouts` (`id`, `type`, `dateCreated`, `dateUpdated`, `uid`) VALUES ('85', 'GlobalSet', '2015-09-27 17:07:58', '2015-09-27 17:07:58', '7735fdfb-354c-4385-b99c-c2d812a1f4d3');
INSERT INTO `tmp_fieldlayouts` (`id`, `type`, `dateCreated`, `dateUpdated`, `uid`) VALUES ('86', 'MatrixBlock', '2015-09-27 17:15:50', '2015-09-27 17:15:50', '025de1a0-e39d-4d2f-af86-2525e074fa9c');
INSERT INTO `tmp_fieldlayouts` (`id`, `type`, `dateCreated`, `dateUpdated`, `uid`) VALUES ('87', 'MatrixBlock', '2015-09-29 05:46:12', '2015-09-29 05:46:12', '2f3c50fc-c0a4-4177-a99a-898687ab23ea');
INSERT INTO `tmp_fieldlayouts` (`id`, `type`, `dateCreated`, `dateUpdated`, `uid`) VALUES ('88', 'MatrixBlock', '2015-09-29 05:46:12', '2015-09-29 05:46:12', '0cc9c7cd-1968-4d1e-bcf9-957e90bfb565');
INSERT INTO `tmp_fieldlayouts` (`id`, `type`, `dateCreated`, `dateUpdated`, `uid`) VALUES ('89', 'MatrixBlock', '2015-09-29 05:46:12', '2015-09-29 05:46:12', '7c8a5ee9-8452-4f18-bf90-9064d2531a17');
INSERT INTO `tmp_fieldlayouts` (`id`, `type`, `dateCreated`, `dateUpdated`, `uid`) VALUES ('90', 'MatrixBlock', '2015-09-29 05:46:13', '2015-09-29 05:46:13', '6c66c0a7-6f97-4c37-8f15-278a0ddc5cac');
INSERT INTO `tmp_fieldlayouts` (`id`, `type`, `dateCreated`, `dateUpdated`, `uid`) VALUES ('96', 'GlobalSet', '2015-10-04 19:39:06', '2015-10-04 19:39:06', 'cd68188e-ac7a-4a81-be36-b556960f6849');
INSERT INTO `tmp_fieldlayouts` (`id`, `type`, `dateCreated`, `dateUpdated`, `uid`) VALUES ('100', 'Category', '2015-10-04 19:57:09', '2015-10-04 19:57:09', 'f14550b7-1139-492f-a270-81919636334d');
INSERT INTO `tmp_fieldlayouts` (`id`, `type`, `dateCreated`, `dateUpdated`, `uid`) VALUES ('103', 'MatrixBlock', '2015-10-05 04:46:07', '2015-10-05 04:46:07', '0d0d884c-27f3-4df9-b360-742731d8e410');
INSERT INTO `tmp_fieldlayouts` (`id`, `type`, `dateCreated`, `dateUpdated`, `uid`) VALUES ('104', 'Entry', '2015-10-06 03:04:37', '2015-10-06 03:04:37', '55575e87-9299-4fb2-b0bc-df667fc51a64');
INSERT INTO `tmp_fieldlayouts` (`id`, `type`, `dateCreated`, `dateUpdated`, `uid`) VALUES ('106', 'Entry', '2015-10-08 05:14:40', '2015-10-08 05:14:40', '3c929dc6-0900-48de-a3a5-e6503af412e3');
INSERT INTO `tmp_fieldlayouts` (`id`, `type`, `dateCreated`, `dateUpdated`, `uid`) VALUES ('108', 'GlobalSet', '2015-10-08 19:55:50', '2015-10-08 19:55:50', '2849cb7d-5d7a-4f1f-9db4-9d6fc57a4b7e');
INSERT INTO `tmp_fieldlayouts` (`id`, `type`, `dateCreated`, `dateUpdated`, `uid`) VALUES ('109', 'Asset', '2015-10-08 20:03:48', '2015-10-08 20:03:48', '28b08b18-45ee-470b-bfdc-542cb94883b6');
INSERT INTO `tmp_fieldlayouts` (`id`, `type`, `dateCreated`, `dateUpdated`, `uid`) VALUES ('110', 'Entry', '2015-10-08 20:38:36', '2015-10-08 20:38:36', '59958e5c-2e22-40ca-b147-534face879f1');
INSERT INTO `tmp_fieldlayouts` (`id`, `type`, `dateCreated`, `dateUpdated`, `uid`) VALUES ('112', 'GlobalSet', '2015-10-08 22:37:36', '2015-10-08 22:37:36', '80367bb8-0a5e-43f2-89e1-fb5b02ba5016');
INSERT INTO `tmp_fieldlayouts` (`id`, `type`, `dateCreated`, `dateUpdated`, `uid`) VALUES ('114', 'MatrixBlock', '2015-10-08 22:44:53', '2015-10-08 22:44:53', '2b18dfde-147a-4f5e-a4b3-91d2e43306b1');
INSERT INTO `tmp_fieldlayouts` (`id`, `type`, `dateCreated`, `dateUpdated`, `uid`) VALUES ('115', 'Entry', '2015-10-09 07:27:35', '2015-10-09 07:27:35', '6b3ed84b-ed7c-44cb-a51b-0ff00e87091e');
INSERT INTO `tmp_fieldlayouts` (`id`, `type`, `dateCreated`, `dateUpdated`, `uid`) VALUES ('116', 'Entry', '2015-10-09 16:10:13', '2015-10-09 16:10:13', '81d7bfbc-4a18-49d0-8357-289c05b4e6a1');



DROP TABLE IF EXISTS `tmp_fieldlayouttabs`;


--
-- Schema for table `tmp_fieldlayouttabs`
--
CREATE TABLE `tmp_fieldlayouttabs` (
  `id` int(11) NOT NULL AUTO_INCREMENT,
  `layoutId` int(11) NOT NULL,
  `name` varchar(255) COLLATE utf8_unicode_ci NOT NULL,
  `sortOrder` tinyint(4) DEFAULT NULL,
  `dateCreated` datetime NOT NULL,
  `dateUpdated` datetime NOT NULL,
  `uid` char(36) COLLATE utf8_unicode_ci NOT NULL DEFAULT '0',
  PRIMARY KEY (`id`),
  KEY `tmp_fieldlayouttabs_sortOrder_idx` (`sortOrder`),
  KEY `tmp_fieldlayouttabs_layoutId_fk` (`layoutId`)
) ENGINE=InnoDB AUTO_INCREMENT=111 DEFAULT CHARSET=utf8 COLLATE=utf8_unicode_ci;

--
-- Data for table `tmp_fieldlayouttabs`
--

INSERT INTO `tmp_fieldlayouttabs` (`id`, `layoutId`, `name`, `sortOrder`, `dateCreated`, `dateUpdated`, `uid`) VALUES ('73', '78', 'About', '1', '2015-09-26 20:57:29', '2015-09-26 20:57:29', '1e189fde-1a98-4182-9d74-a1e2d5291808');
INSERT INTO `tmp_fieldlayouttabs` (`id`, `layoutId`, `name`, `sortOrder`, `dateCreated`, `dateUpdated`, `uid`) VALUES ('74', '78', 'SEO', '2', '2015-09-26 20:57:29', '2015-09-26 20:57:29', '38dc6b19-f050-43e4-a9b2-6d5492c9285a');
INSERT INTO `tmp_fieldlayouttabs` (`id`, `layoutId`, `name`, `sortOrder`, `dateCreated`, `dateUpdated`, `uid`) VALUES ('75', '79', 'Content', '1', '2015-09-26 20:57:47', '2015-09-26 20:57:47', '443cd85c-c6ba-411b-9719-5a1c266304a7');
INSERT INTO `tmp_fieldlayouttabs` (`id`, `layoutId`, `name`, `sortOrder`, `dateCreated`, `dateUpdated`, `uid`) VALUES ('76', '79', 'SEO', '2', '2015-09-26 20:57:47', '2015-09-26 20:57:47', 'd59f6f7a-bfa5-40c7-ab71-1b4c54bd7e22');
INSERT INTO `tmp_fieldlayouttabs` (`id`, `layoutId`, `name`, `sortOrder`, `dateCreated`, `dateUpdated`, `uid`) VALUES ('82', '83', 'Content', '1', '2015-09-27 17:05:03', '2015-09-27 17:05:03', '8d07d529-0479-4876-b8b6-2557fd4c12f0');
INSERT INTO `tmp_fieldlayouttabs` (`id`, `layoutId`, `name`, `sortOrder`, `dateCreated`, `dateUpdated`, `uid`) VALUES ('84', '85', 'Content', '1', '2015-09-27 17:07:58', '2015-09-27 17:07:58', 'bf277501-c873-4467-9fe6-e3cc1caf752d');
INSERT INTO `tmp_fieldlayouttabs` (`id`, `layoutId`, `name`, `sortOrder`, `dateCreated`, `dateUpdated`, `uid`) VALUES ('85', '86', 'Content', '1', '2015-09-27 17:15:50', '2015-09-27 17:15:50', '27e14598-330f-4eb5-99e4-ef93b152fd51');
INSERT INTO `tmp_fieldlayouttabs` (`id`, `layoutId`, `name`, `sortOrder`, `dateCreated`, `dateUpdated`, `uid`) VALUES ('86', '87', 'Content', '1', '2015-09-29 05:46:12', '2015-09-29 05:46:12', '769435c3-7859-4989-9592-6a554d205d73');
INSERT INTO `tmp_fieldlayouttabs` (`id`, `layoutId`, `name`, `sortOrder`, `dateCreated`, `dateUpdated`, `uid`) VALUES ('87', '88', 'Content', '1', '2015-09-29 05:46:12', '2015-09-29 05:46:12', 'f9be2985-70a3-4265-9dbb-d0d7b2004b58');
INSERT INTO `tmp_fieldlayouttabs` (`id`, `layoutId`, `name`, `sortOrder`, `dateCreated`, `dateUpdated`, `uid`) VALUES ('88', '89', 'Content', '1', '2015-09-29 05:46:12', '2015-09-29 05:46:12', '274dcaf4-4738-4f96-bb1b-2ffa0c5c42ca');
INSERT INTO `tmp_fieldlayouttabs` (`id`, `layoutId`, `name`, `sortOrder`, `dateCreated`, `dateUpdated`, `uid`) VALUES ('89', '90', 'Content', '1', '2015-09-29 05:46:13', '2015-09-29 05:46:13', 'e6bda838-335f-4068-86c5-2b58416c6894');
INSERT INTO `tmp_fieldlayouttabs` (`id`, `layoutId`, `name`, `sortOrder`, `dateCreated`, `dateUpdated`, `uid`) VALUES ('92', '96', 'Content', '1', '2015-10-04 19:39:06', '2015-10-04 19:39:06', '6fbbda18-3968-4159-9729-c404f1ef1482');
INSERT INTO `tmp_fieldlayouttabs` (`id`, `layoutId`, `name`, `sortOrder`, `dateCreated`, `dateUpdated`, `uid`) VALUES ('99', '103', 'Content', '1', '2015-10-05 04:46:07', '2015-10-05 04:46:07', '0ef15f25-8927-4be4-b55f-4021af283c25');
INSERT INTO `tmp_fieldlayouttabs` (`id`, `layoutId`, `name`, `sortOrder`, `dateCreated`, `dateUpdated`, `uid`) VALUES ('103', '106', 'Homepage Info', '1', '2015-10-08 05:14:40', '2015-10-08 05:14:40', '0f16292f-4db1-4665-9f37-7f01d1617fe3');
INSERT INTO `tmp_fieldlayouttabs` (`id`, `layoutId`, `name`, `sortOrder`, `dateCreated`, `dateUpdated`, `uid`) VALUES ('104', '106', 'Build Post', '2', '2015-10-08 05:14:40', '2015-10-08 05:14:40', 'ffeaec4c-963e-4feb-a9f3-aa5672a98723');
INSERT INTO `tmp_fieldlayouttabs` (`id`, `layoutId`, `name`, `sortOrder`, `dateCreated`, `dateUpdated`, `uid`) VALUES ('105', '106', 'SEO', '3', '2015-10-08 05:14:40', '2015-10-08 05:14:40', '0f12d115-20da-4fea-97b0-b097b874a2d8');
INSERT INTO `tmp_fieldlayouttabs` (`id`, `layoutId`, `name`, `sortOrder`, `dateCreated`, `dateUpdated`, `uid`) VALUES ('106', '108', 'Content', '1', '2015-10-08 19:55:50', '2015-10-08 19:55:50', '0b975dcb-9a87-4007-ba61-1a7584675d81');
INSERT INTO `tmp_fieldlayouttabs` (`id`, `layoutId`, `name`, `sortOrder`, `dateCreated`, `dateUpdated`, `uid`) VALUES ('108', '112', 'Content', '1', '2015-10-08 22:37:36', '2015-10-08 22:37:36', 'be901cfc-f3d0-4e6e-babb-69a0c1c30a9c');
INSERT INTO `tmp_fieldlayouttabs` (`id`, `layoutId`, `name`, `sortOrder`, `dateCreated`, `dateUpdated`, `uid`) VALUES ('110', '114', 'Content', '1', '2015-10-08 22:44:54', '2015-10-08 22:44:54', '0e1d533d-cf03-4658-97de-674ec6301e59');



DROP TABLE IF EXISTS `tmp_fields`;


--
-- Schema for table `tmp_fields`
--
CREATE TABLE `tmp_fields` (
  `id` int(11) NOT NULL AUTO_INCREMENT,
  `groupId` int(11) DEFAULT NULL,
  `name` varchar(255) COLLATE utf8_unicode_ci NOT NULL,
  `handle` varchar(58) COLLATE utf8_unicode_ci NOT NULL,
  `context` varchar(255) COLLATE utf8_unicode_ci NOT NULL DEFAULT 'global',
  `instructions` text COLLATE utf8_unicode_ci,
  `translatable` tinyint(1) unsigned NOT NULL DEFAULT '0',
  `type` varchar(150) COLLATE utf8_unicode_ci NOT NULL,
  `settings` text COLLATE utf8_unicode_ci,
  `dateCreated` datetime NOT NULL,
  `dateUpdated` datetime NOT NULL,
  `uid` char(36) COLLATE utf8_unicode_ci NOT NULL DEFAULT '0',
  PRIMARY KEY (`id`),
  UNIQUE KEY `tmp_fields_handle_context_unq_idx` (`handle`,`context`),
  KEY `tmp_fields_context_idx` (`context`),
  KEY `tmp_fields_groupId_fk` (`groupId`)
) ENGINE=InnoDB AUTO_INCREMENT=47 DEFAULT CHARSET=utf8 COLLATE=utf8_unicode_ci;

--
-- Data for table `tmp_fields`
--

INSERT INTO `tmp_fields` (`id`, `groupId`, `name`, `handle`, `context`, `instructions`, `translatable`, `type`, `settings`, `dateCreated`, `dateUpdated`, `uid`) VALUES ('1', '1', 'Body', 'body', 'global', NULL, '1', 'RichText', '{\"configFile\":\"Standard.json\",\"columnType\":\"text\"}', '2015-09-01 17:29:53', '2015-09-01 17:29:53', '0f6bbea2-9183-43ee-90e2-77ee5cf469e3');
INSERT INTO `tmp_fields` (`id`, `groupId`, `name`, `handle`, `context`, `instructions`, `translatable`, `type`, `settings`, `dateCreated`, `dateUpdated`, `uid`) VALUES ('2', '1', 'Tags', 'tags', 'global', NULL, '0', 'Tags', '{\"source\":\"taggroup:1\"}', '2015-09-01 17:29:53', '2015-09-01 17:29:53', 'b22a9e11-04ae-4d32-bcf0-b7c96f551acb');
INSERT INTO `tmp_fields` (`id`, `groupId`, `name`, `handle`, `context`, `instructions`, `translatable`, `type`, `settings`, `dateCreated`, `dateUpdated`, `uid`) VALUES ('4', '2', 'Post Summary', 'postSummary', 'global', 'Summary of the post for the home page and social media.', '0', 'PlainText', '{\"placeholder\":\"\",\"maxLength\":\"200\",\"multiline\":\"1\",\"initialRows\":\"2\"}', '2015-09-17 22:18:55', '2015-09-18 23:42:35', 'e0e38107-ce5a-42d0-b9ac-bb06f54e9cd3');
INSERT INTO `tmp_fields` (`id`, `groupId`, `name`, `handle`, `context`, `instructions`, `translatable`, `type`, `settings`, `dateCreated`, `dateUpdated`, `uid`) VALUES ('5', '2', 'Featured Image', 'featuredImage', 'global', '', '0', 'Assets', '{\"useSingleFolder\":\"\",\"sources\":\"*\",\"defaultUploadLocationSource\":\"1\",\"defaultUploadLocationSubpath\":\"\",\"singleUploadLocationSource\":\"1\",\"singleUploadLocationSubpath\":\"\",\"restrictFiles\":\"1\",\"allowedKinds\":[\"image\"],\"limit\":\"1\",\"selectionLabel\":\"Featured Post Image\"}', '2015-09-17 22:21:11', '2015-09-18 23:42:09', 'b691ac00-381a-4267-80ce-f03489c18bb4');
INSERT INTO `tmp_fields` (`id`, `groupId`, `name`, `handle`, `context`, `instructions`, `translatable`, `type`, `settings`, `dateCreated`, `dateUpdated`, `uid`) VALUES ('6', '2', 'Post Builder', 'postBuilder', 'global', '', '0', 'Matrix', '{\"maxBlocks\":null}', '2015-09-18 23:26:59', '2015-09-29 05:46:12', '9c568517-bb16-4339-8dad-2b5661345565');
INSERT INTO `tmp_fields` (`id`, `groupId`, `name`, `handle`, `context`, `instructions`, `translatable`, `type`, `settings`, `dateCreated`, `dateUpdated`, `uid`) VALUES ('7', NULL, 'Text', 'text', 'matrixBlockType:1', '', '0', 'RichText', '{\"configFile\":\"Standard.json\",\"cleanupHtml\":\"\",\"purifyHtml\":\"1\",\"columnType\":\"text\"}', '2015-09-18 23:26:59', '2015-09-29 05:46:12', 'f514e292-ab79-424d-99a1-dfb7cc52b9ff');
INSERT INTO `tmp_fields` (`id`, `groupId`, `name`, `handle`, `context`, `instructions`, `translatable`, `type`, `settings`, `dateCreated`, `dateUpdated`, `uid`) VALUES ('8', NULL, 'Position', 'position', 'matrixBlockType:1', '', '0', 'PositionSelect', '{\"options\":[\"center\",\"full\"]}', '2015-09-18 23:26:59', '2015-09-29 05:46:12', 'd1ac4bd5-2659-490f-92e7-2de67b8dab0c');
INSERT INTO `tmp_fields` (`id`, `groupId`, `name`, `handle`, `context`, `instructions`, `translatable`, `type`, `settings`, `dateCreated`, `dateUpdated`, `uid`) VALUES ('9', NULL, 'Padding Top', 'paddingTop', 'matrixBlockType:1', '', '0', 'Dropdown', '{\"options\":[{\"label\":\"none\",\"value\":\"none\",\"default\":\"1\"},{\"label\":\"normal\",\"value\":\"normal\",\"default\":\"\"},{\"label\":\"double\",\"value\":\"double\",\"default\":\"\"}]}', '2015-09-18 23:26:59', '2015-09-29 05:46:12', '499d3c42-605b-4b07-9200-cc2811c161d6');
INSERT INTO `tmp_fields` (`id`, `groupId`, `name`, `handle`, `context`, `instructions`, `translatable`, `type`, `settings`, `dateCreated`, `dateUpdated`, `uid`) VALUES ('10', NULL, 'Padding Bottom', 'paddingBottom', 'matrixBlockType:1', '', '0', 'Dropdown', '{\"options\":[{\"label\":\"none\",\"value\":\"none\",\"default\":\"\"},{\"label\":\"normal\",\"value\":\"normal\",\"default\":\"1\"},{\"label\":\"double\",\"value\":\"double\",\"default\":\"\"}]}', '2015-09-18 23:26:59', '2015-09-29 05:46:12', '98009ba0-ed4a-4c46-bf24-ad4cf9db5ebb');
INSERT INTO `tmp_fields` (`id`, `groupId`, `name`, `handle`, `context`, `instructions`, `translatable`, `type`, `settings`, `dateCreated`, `dateUpdated`, `uid`) VALUES ('11', NULL, 'Image Files', 'imageFiles', 'matrixBlockType:2', '', '0', 'Assets', '{\"useSingleFolder\":\"1\",\"sources\":\"*\",\"defaultUploadLocationSource\":\"1\",\"defaultUploadLocationSubpath\":\"\",\"singleUploadLocationSource\":\"1\",\"singleUploadLocationSubpath\":\"\",\"restrictFiles\":\"1\",\"allowedKinds\":[\"image\"],\"limit\":\"4\",\"selectionLabel\":\"Add a photo\"}', '2015-09-18 23:26:59', '2015-09-29 05:46:12', 'e015cea7-a585-4a58-aae8-04170b4d296f');
INSERT INTO `tmp_fields` (`id`, `groupId`, `name`, `handle`, `context`, `instructions`, `translatable`, `type`, `settings`, `dateCreated`, `dateUpdated`, `uid`) VALUES ('12', NULL, 'Padding Top', 'paddingTop', 'matrixBlockType:2', '', '0', 'Dropdown', '{\"options\":[{\"label\":\"none\",\"value\":\"none\",\"default\":\"1\"},{\"label\":\"normal\",\"value\":\"normal\",\"default\":\"\"},{\"label\":\"double\",\"value\":\"double\",\"default\":\"\"}]}', '2015-09-18 23:26:59', '2015-09-29 05:46:12', '31d9c6a8-e377-4885-a79b-90c5dde66ded');
INSERT INTO `tmp_fields` (`id`, `groupId`, `name`, `handle`, `context`, `instructions`, `translatable`, `type`, `settings`, `dateCreated`, `dateUpdated`, `uid`) VALUES ('13', NULL, 'Padding Bottom', 'paddingBottom', 'matrixBlockType:2', '', '0', 'Dropdown', '{\"options\":[{\"label\":\"none\",\"value\":\"none\",\"default\":\"\"},{\"label\":\"normal\",\"value\":\"normal\",\"default\":\"1\"},{\"label\":\"double\",\"value\":\"double\",\"default\":\"\"}]}', '2015-09-18 23:26:59', '2015-09-29 05:46:12', '59d387ac-07d2-4c56-9994-b171d3cf3488');
INSERT INTO `tmp_fields` (`id`, `groupId`, `name`, `handle`, `context`, `instructions`, `translatable`, `type`, `settings`, `dateCreated`, `dateUpdated`, `uid`) VALUES ('14', NULL, 'Photo Width', 'photoWidth', 'matrixBlockType:2', '', '0', 'Dropdown', '{\"options\":[{\"label\":\"slim\",\"value\":\"slim\",\"default\":\"\"},{\"label\":\"normal\",\"value\":\"normal\",\"default\":\"1\"},{\"label\":\"wide\",\"value\":\"wide\",\"default\":\"\"}]}', '2015-09-18 23:26:59', '2015-09-29 05:46:12', '8a507571-3a3f-4419-b3dc-1876e6888216');
INSERT INTO `tmp_fields` (`id`, `groupId`, `name`, `handle`, `context`, `instructions`, `translatable`, `type`, `settings`, `dateCreated`, `dateUpdated`, `uid`) VALUES ('15', NULL, 'Ingredients List', 'ingredientsList', 'matrixBlockType:3', '', '0', 'Table', '{\"columns\":{\"col2\":{\"heading\":\"Amount\",\"handle\":\"amount\",\"width\":\"25%\",\"type\":\"singleline\"},\"col1\":{\"heading\":\"Ingredient\",\"handle\":\"ingredient\",\"width\":\"75%\",\"type\":\"singleline\"}},\"defaults\":{\"row1\":{\"col2\":\"\",\"col1\":\"\"}}}', '2015-09-18 23:26:59', '2015-09-29 05:46:13', '002ae98a-7d33-48b0-82bc-11f852ef291e');
INSERT INTO `tmp_fields` (`id`, `groupId`, `name`, `handle`, `context`, `instructions`, `translatable`, `type`, `settings`, `dateCreated`, `dateUpdated`, `uid`) VALUES ('16', '2', 'Recipe Download', 'recipeDownload', 'global', '', '0', 'Assets', '{\"useSingleFolder\":\"\",\"sources\":\"*\",\"defaultUploadLocationSource\":\"1\",\"defaultUploadLocationSubpath\":\"downloads\",\"singleUploadLocationSource\":\"1\",\"singleUploadLocationSubpath\":\"\",\"restrictFiles\":\"1\",\"allowedKinds\":[\"pdf\",\"photoshop\"],\"limit\":\"1\",\"selectionLabel\":\"Add a recipe\"}', '2015-09-18 23:38:28', '2015-09-29 05:45:48', '93f05207-ea45-4610-9212-f92a4ea91192');
INSERT INTO `tmp_fields` (`id`, `groupId`, `name`, `handle`, `context`, `instructions`, `translatable`, `type`, `settings`, `dateCreated`, `dateUpdated`, `uid`) VALUES ('17', NULL, 'Text', 'text', 'matrixBlockType:4', '', '0', 'PlainText', '{\"placeholder\":\"Callout Text or Quote\",\"maxLength\":\"\",\"multiline\":\"1\",\"initialRows\":\"2\"}', '2015-09-24 21:55:13', '2015-09-29 05:46:12', 'fa751adf-7ec3-4fce-966b-db297b54651a');
INSERT INTO `tmp_fields` (`id`, `groupId`, `name`, `handle`, `context`, `instructions`, `translatable`, `type`, `settings`, `dateCreated`, `dateUpdated`, `uid`) VALUES ('18', NULL, 'Cite', 'cite', 'matrixBlockType:4', '', '0', 'PlainText', '{\"placeholder\":\"(optional)\",\"maxLength\":\"\",\"multiline\":\"\",\"initialRows\":\"4\"}', '2015-09-24 21:55:13', '2015-09-29 05:46:12', 'aeb9efae-29c3-49f8-a954-4eebcfb933d8');
INSERT INTO `tmp_fields` (`id`, `groupId`, `name`, `handle`, `context`, `instructions`, `translatable`, `type`, `settings`, `dateCreated`, `dateUpdated`, `uid`) VALUES ('19', NULL, 'Text Color', 'textColor', 'matrixBlockType:4', '', '0', 'Dropdown', '{\"options\":[{\"label\":\"gray\",\"value\":\"gray\",\"default\":\"1\"},{\"label\":\"red\",\"value\":\"red\",\"default\":\"\"},{\"label\":\"dark\",\"value\":\"dark\",\"default\":\"\"}]}', '2015-09-24 21:55:13', '2015-09-29 05:46:12', 'd3a6330a-c294-46f0-9e57-2664ea4adc24');
INSERT INTO `tmp_fields` (`id`, `groupId`, `name`, `handle`, `context`, `instructions`, `translatable`, `type`, `settings`, `dateCreated`, `dateUpdated`, `uid`) VALUES ('20', NULL, 'Padding Top', 'paddingTop', 'matrixBlockType:4', '', '0', 'Dropdown', '{\"options\":[{\"label\":\"none\",\"value\":\"none\",\"default\":\"1\"},{\"label\":\"normal\",\"value\":\"normal\",\"default\":\"\"},{\"label\":\"double\",\"value\":\"double\",\"default\":\"\"}]}', '2015-09-24 22:01:17', '2015-09-29 05:46:12', '566bd50d-bb0f-448b-adda-78a5647518e1');
INSERT INTO `tmp_fields` (`id`, `groupId`, `name`, `handle`, `context`, `instructions`, `translatable`, `type`, `settings`, `dateCreated`, `dateUpdated`, `uid`) VALUES ('21', NULL, 'Padding Bottom', 'paddingBottom', 'matrixBlockType:4', '', '0', 'Dropdown', '{\"options\":[{\"label\":\"none\",\"value\":\"none\",\"default\":\"\"},{\"label\":\"normal\",\"value\":\"normal\",\"default\":\"1\"},{\"label\":\"double\",\"value\":\"double\",\"default\":\"\"}]}', '2015-09-24 22:01:17', '2015-09-29 05:46:12', '0de75984-4a4f-4ae7-9ba2-8dc177748272');
INSERT INTO `tmp_fields` (`id`, `groupId`, `name`, `handle`, `context`, `instructions`, `translatable`, `type`, `settings`, `dateCreated`, `dateUpdated`, `uid`) VALUES ('22', NULL, 'Method', 'method', 'matrixBlockType:3', '', '0', 'RichText', '{\"configFile\":\"\",\"cleanupHtml\":\"\",\"purifyHtml\":\"1\",\"columnType\":\"text\"}', '2015-09-25 05:25:36', '2015-09-29 05:46:13', 'e29c8d67-ab80-4483-ad7f-3945cd136b9a');
INSERT INTO `tmp_fields` (`id`, `groupId`, `name`, `handle`, `context`, `instructions`, `translatable`, `type`, `settings`, `dateCreated`, `dateUpdated`, `uid`) VALUES ('23', NULL, 'Servings', 'servings', 'matrixBlockType:3', '', '0', 'Number', '{\"min\":\"1\",\"max\":\"\",\"decimals\":\"0\"}', '2015-09-25 06:18:19', '2015-09-29 05:46:12', '04f09455-dfba-4aa4-8462-a7e6f0ebb68e');
INSERT INTO `tmp_fields` (`id`, `groupId`, `name`, `handle`, `context`, `instructions`, `translatable`, `type`, `settings`, `dateCreated`, `dateUpdated`, `uid`) VALUES ('24', NULL, 'Stack for Mobile?', 'mobileStack', 'matrixBlockType:2', '', '0', 'Checkboxes', '{\"options\":[{\"label\":\"stack\",\"value\":\"stack\",\"default\":\"\"}]}', '2015-09-25 21:18:00', '2015-09-29 05:46:12', '200d08dc-c91a-4dd3-8d7c-a4d2aa01f111');
INSERT INTO `tmp_fields` (`id`, `groupId`, `name`, `handle`, `context`, `instructions`, `translatable`, `type`, `settings`, `dateCreated`, `dateUpdated`, `uid`) VALUES ('25', '4', 'Page Description', 'pageDescription', 'global', '', '0', 'PlainText', '{\"placeholder\":\"Overwrites default site description completely.\",\"maxLength\":\"140\",\"multiline\":\"1\",\"initialRows\":\"4\"}', '2015-09-26 20:48:07', '2015-09-26 20:48:07', '4a246578-dd94-4753-b226-35029dc97ced');
INSERT INTO `tmp_fields` (`id`, `groupId`, `name`, `handle`, `context`, `instructions`, `translatable`, `type`, `settings`, `dateCreated`, `dateUpdated`, `uid`) VALUES ('26', '4', 'Page Image', 'pageImage', 'global', '', '0', 'Assets', '{\"useSingleFolder\":\"\",\"sources\":\"*\",\"defaultUploadLocationSource\":\"1\",\"defaultUploadLocationSubpath\":\"\",\"singleUploadLocationSource\":\"1\",\"singleUploadLocationSubpath\":\"\",\"restrictFiles\":\"1\",\"allowedKinds\":[\"image\"],\"limit\":\"1\",\"selectionLabel\":\"Add an image\"}', '2015-09-26 20:50:12', '2015-09-26 20:50:12', '67b75e76-2040-4f98-8ad1-12f5c66981d8');
INSERT INTO `tmp_fields` (`id`, `groupId`, `name`, `handle`, `context`, `instructions`, `translatable`, `type`, `settings`, `dateCreated`, `dateUpdated`, `uid`) VALUES ('27', '4', 'Page Title', 'pageTitle', 'global', '', '0', 'PlainText', '{\"placeholder\":\"Overwrites page title completely\",\"maxLength\":\"\",\"multiline\":\"\",\"initialRows\":\"4\"}', '2015-09-26 20:50:39', '2015-09-26 20:50:39', 'c5b3a813-dc66-4803-b323-28107126e307');
INSERT INTO `tmp_fields` (`id`, `groupId`, `name`, `handle`, `context`, `instructions`, `translatable`, `type`, `settings`, `dateCreated`, `dateUpdated`, `uid`) VALUES ('28', '4', 'Site Description', 'siteDescription', 'global', '', '0', 'PlainText', '{\"placeholder\":\"\",\"maxLength\":\"140\",\"multiline\":\"1\",\"initialRows\":\"4\"}', '2015-09-26 20:51:11', '2015-09-26 20:51:11', '112a1111-d865-4d38-9ddf-e63e3de16ba6');
INSERT INTO `tmp_fields` (`id`, `groupId`, `name`, `handle`, `context`, `instructions`, `translatable`, `type`, `settings`, `dateCreated`, `dateUpdated`, `uid`) VALUES ('29', '4', 'Site Images', 'siteImages', 'global', '', '0', 'Assets', '{\"useSingleFolder\":\"\",\"sources\":\"*\",\"defaultUploadLocationSource\":\"1\",\"defaultUploadLocationSubpath\":\"\",\"singleUploadLocationSource\":\"1\",\"singleUploadLocationSubpath\":\"\",\"restrictFiles\":\"1\",\"allowedKinds\":[\"image\"],\"limit\":\"6\",\"selectionLabel\":\"Add images\"}', '2015-09-26 20:51:54', '2015-09-26 20:51:54', 'e95d481a-4cd4-4fd2-84f6-ffc9388abec4');
INSERT INTO `tmp_fields` (`id`, `groupId`, `name`, `handle`, `context`, `instructions`, `translatable`, `type`, `settings`, `dateCreated`, `dateUpdated`, `uid`) VALUES ('30', '4', 'Site Keywords', 'siteKeywords', 'global', 'Separate keywords with commas (limit 10 keywords)', '0', 'PlainText', '{\"placeholder\":\"\",\"maxLength\":\"\",\"multiline\":\"\",\"initialRows\":\"4\"}', '2015-09-26 20:52:46', '2015-09-26 20:52:46', '16370719-ae02-48ed-8fdc-7537055294e5');
INSERT INTO `tmp_fields` (`id`, `groupId`, `name`, `handle`, `context`, `instructions`, `translatable`, `type`, `settings`, `dateCreated`, `dateUpdated`, `uid`) VALUES ('31', '5', 'Navigation Items', 'navigationItems', 'global', '', '0', 'Matrix', '{\"maxBlocks\":null}', '2015-09-27 16:56:21', '2015-09-27 17:15:50', '1b0a4f0c-df2d-44ab-89f5-ed558bda0959');
INSERT INTO `tmp_fields` (`id`, `groupId`, `name`, `handle`, `context`, `instructions`, `translatable`, `type`, `settings`, `dateCreated`, `dateUpdated`, `uid`) VALUES ('32', NULL, 'Link Info', 'linkInfo', 'matrixBlockType:5', '', '0', 'Linkit_Linkit', '{\"defaultText\":\"\",\"text\":\"1\",\"target\":\"1\",\"types\":[\"custom\",\"entry\"],\"entrySources\":\"*\",\"assetSources\":\"*\"}', '2015-09-27 17:04:29', '2015-09-27 17:15:50', 'e607d3ee-14d6-4a11-b8aa-9e84e0fbb5ea');
INSERT INTO `tmp_fields` (`id`, `groupId`, `name`, `handle`, `context`, `instructions`, `translatable`, `type`, `settings`, `dateCreated`, `dateUpdated`, `uid`) VALUES ('33', '6', 'Section Title', 'sectionTitle', 'global', '', '0', 'PlainText', '{\"placeholder\":\"\",\"maxLength\":\"\",\"multiline\":\"\",\"initialRows\":\"4\"}', '2015-10-04 19:15:09', '2015-10-04 19:15:09', '35d2137f-436d-48e9-a9b0-2252e9fd5439');
INSERT INTO `tmp_fields` (`id`, `groupId`, `name`, `handle`, `context`, `instructions`, `translatable`, `type`, `settings`, `dateCreated`, `dateUpdated`, `uid`) VALUES ('34', '6', 'Section Subtitle', 'sectionSubtitle', 'global', '', '0', 'PlainText', '{\"placeholder\":\"\",\"maxLength\":\"\",\"multiline\":\"\",\"initialRows\":\"4\"}', '2015-10-04 19:16:28', '2015-10-04 19:45:38', '2f235d99-60fa-47fe-ad8a-cda6618f8ae0');
INSERT INTO `tmp_fields` (`id`, `groupId`, `name`, `handle`, `context`, `instructions`, `translatable`, `type`, `settings`, `dateCreated`, `dateUpdated`, `uid`) VALUES ('35', '6', 'Featured Posts', 'featuredPosts', 'global', '', '0', 'Entries', '{\"sources\":[\"section:2\"],\"limit\":\"5\",\"selectionLabel\":\"Add some posts\"}', '2015-10-04 19:31:55', '2015-10-05 04:47:37', '965f69d3-c1b2-42b0-9c9c-df7f28eb06fd');
INSERT INTO `tmp_fields` (`id`, `groupId`, `name`, `handle`, `context`, `instructions`, `translatable`, `type`, `settings`, `dateCreated`, `dateUpdated`, `uid`) VALUES ('36', NULL, 'Posts', 'posts', 'matrixBlockType:6', '', '0', 'Entries', '{\"sources\":[\"section:2\"],\"limit\":\"\",\"selectionLabel\":\"Add some entries\"}', '2015-10-04 19:31:55', '2015-10-05 04:46:07', '6a66c269-aaf0-4d69-abb7-9418036e5376');
INSERT INTO `tmp_fields` (`id`, `groupId`, `name`, `handle`, `context`, `instructions`, `translatable`, `type`, `settings`, `dateCreated`, `dateUpdated`, `uid`) VALUES ('38', '2', 'Post Categories', 'postCategories', 'global', '', '0', 'Categories', '{\"source\":\"group:2\",\"limit\":\"\",\"selectionLabel\":\"Add some categories\"}', '2015-10-04 19:47:38', '2015-10-04 19:47:38', '5694c05c-1d9a-45e8-87b8-89664f5932ce');
INSERT INTO `tmp_fields` (`id`, `groupId`, `name`, `handle`, `context`, `instructions`, `translatable`, `type`, `settings`, `dateCreated`, `dateUpdated`, `uid`) VALUES ('39', '2', 'Post Primary Category', 'postPrimaryCategory', 'global', '', '0', 'Categories', '{\"source\":\"group:2\",\"limit\":\"1\",\"selectionLabel\":\"Primary Category\"}', '2015-10-07 03:45:16', '2015-10-08 04:09:39', '8a381db8-8d0c-48d0-bce6-b7f7ac502e4f');
INSERT INTO `tmp_fields` (`id`, `groupId`, `name`, `handle`, `context`, `instructions`, `translatable`, `type`, `settings`, `dateCreated`, `dateUpdated`, `uid`) VALUES ('40', '7', 'Aside Photo', 'asidePhoto', 'global', '', '0', 'Assets', '{\"useSingleFolder\":\"1\",\"sources\":\"*\",\"defaultUploadLocationSource\":\"2\",\"defaultUploadLocationSubpath\":\"\",\"singleUploadLocationSource\":\"2\",\"singleUploadLocationSubpath\":\"\",\"restrictFiles\":\"1\",\"allowedKinds\":[\"image\"],\"limit\":\"1\",\"selectionLabel\":\"Add an asset\"}', '2015-10-08 19:53:04', '2015-10-08 19:56:39', '59915da2-53e7-49fe-8460-6ed1ace5f51c');
INSERT INTO `tmp_fields` (`id`, `groupId`, `name`, `handle`, `context`, `instructions`, `translatable`, `type`, `settings`, `dateCreated`, `dateUpdated`, `uid`) VALUES ('41', '7', 'Aside Title', 'asideTitle', 'global', '', '0', 'PlainText', '{\"placeholder\":\"\",\"maxLength\":\"\",\"multiline\":\"\",\"initialRows\":\"4\"}', '2015-10-08 19:54:33', '2015-10-08 19:54:33', 'cce8f7d1-0488-4836-bdac-7e5923cf3859');
INSERT INTO `tmp_fields` (`id`, `groupId`, `name`, `handle`, `context`, `instructions`, `translatable`, `type`, `settings`, `dateCreated`, `dateUpdated`, `uid`) VALUES ('42', '7', 'Aside Blurb', 'asideBlurb', 'global', '', '0', 'PlainText', '{\"placeholder\":\"\",\"maxLength\":\"200\",\"multiline\":\"1\",\"initialRows\":\"2\"}', '2015-10-08 19:55:02', '2015-10-08 20:23:14', '19f8d227-e5d9-4cb0-a7e8-f026eab1521b');
INSERT INTO `tmp_fields` (`id`, `groupId`, `name`, `handle`, `context`, `instructions`, `translatable`, `type`, `settings`, `dateCreated`, `dateUpdated`, `uid`) VALUES ('43', '8', 'Instruction Step', 'instructionStep', 'global', '', '0', 'Matrix', '{\"maxBlocks\":\"4\"}', '2015-10-08 22:35:10', '2015-10-08 22:44:53', 'de94540e-7203-4805-9cbd-d3a3caf2e869');
INSERT INTO `tmp_fields` (`id`, `groupId`, `name`, `handle`, `context`, `instructions`, `translatable`, `type`, `settings`, `dateCreated`, `dateUpdated`, `uid`) VALUES ('44', NULL, 'Step Icon', 'stepIcon', 'matrixBlockType:7', '', '0', 'Assets', '{\"useSingleFolder\":\"1\",\"sources\":\"*\",\"defaultUploadLocationSource\":\"2\",\"defaultUploadLocationSubpath\":\"icons\",\"singleUploadLocationSource\":\"2\",\"singleUploadLocationSubpath\":\"icons\",\"restrictFiles\":\"1\",\"allowedKinds\":[\"image\"],\"limit\":\"1\",\"selectionLabel\":\"Add an asset\"}', '2015-10-08 22:35:11', '2015-10-08 22:44:53', 'b26b94d0-d163-4aaf-9229-964a372a4969');
INSERT INTO `tmp_fields` (`id`, `groupId`, `name`, `handle`, `context`, `instructions`, `translatable`, `type`, `settings`, `dateCreated`, `dateUpdated`, `uid`) VALUES ('45', NULL, 'Step Title', 'stepTitle', 'matrixBlockType:7', '', '0', 'PlainText', '{\"placeholder\":\"\",\"maxLength\":\"\",\"multiline\":\"\",\"initialRows\":\"4\"}', '2015-10-08 22:35:11', '2015-10-08 22:44:53', '10066d11-e8fb-4ebc-9299-e6935d936fbc');
INSERT INTO `tmp_fields` (`id`, `groupId`, `name`, `handle`, `context`, `instructions`, `translatable`, `type`, `settings`, `dateCreated`, `dateUpdated`, `uid`) VALUES ('46', NULL, 'Step Blurb', 'stepBlurb', 'matrixBlockType:7', '', '0', 'PlainText', '{\"placeholder\":\"\",\"maxLength\":\"\",\"multiline\":\"\",\"initialRows\":\"4\"}', '2015-10-08 22:35:11', '2015-10-08 22:44:53', '6bc586fb-25c8-4dc5-9510-3903beacaaca');



DROP TABLE IF EXISTS `tmp_globalsets`;


--
-- Schema for table `tmp_globalsets`
--
CREATE TABLE `tmp_globalsets` (
  `id` int(11) NOT NULL,
  `name` varchar(255) COLLATE utf8_unicode_ci NOT NULL,
  `handle` varchar(255) COLLATE utf8_unicode_ci NOT NULL,
  `fieldLayoutId` int(10) DEFAULT NULL,
  `dateCreated` datetime NOT NULL,
  `dateUpdated` datetime NOT NULL,
  `uid` char(36) COLLATE utf8_unicode_ci NOT NULL DEFAULT '0',
  PRIMARY KEY (`id`),
  UNIQUE KEY `tmp_globalsets_name_unq_idx` (`name`),
  UNIQUE KEY `tmp_globalsets_handle_unq_idx` (`handle`),
  KEY `tmp_globalsets_fieldLayoutId_fk` (`fieldLayoutId`)
) ENGINE=InnoDB DEFAULT CHARSET=utf8 COLLATE=utf8_unicode_ci;

--
-- Data for table `tmp_globalsets`
--

INSERT INTO `tmp_globalsets` (`id`, `name`, `handle`, `fieldLayoutId`, `dateCreated`, `dateUpdated`, `uid`) VALUES ('34', 'Site SEO', 'seo', '85', '2015-09-26 20:53:54', '2015-09-27 17:07:58', 'd4ae8d0e-a627-412a-a0ef-645efdf88ca9');
INSERT INTO `tmp_globalsets` (`id`, `name`, `handle`, `fieldLayoutId`, `dateCreated`, `dateUpdated`, `uid`) VALUES ('35', 'Main Navigation', 'mainNavigation', '83', '2015-09-27 16:59:24', '2015-09-27 17:05:03', '58cab732-166d-4ebc-8b3a-0f5e63dc6a57');
INSERT INTO `tmp_globalsets` (`id`, `name`, `handle`, `fieldLayoutId`, `dateCreated`, `dateUpdated`, `uid`) VALUES ('46', 'Featured Posts', 'featuredPosts', '96', '2015-10-04 19:14:29', '2015-10-04 19:39:06', '4a5c4962-f3eb-45b6-b3b7-fe8639fa541f');
INSERT INTO `tmp_globalsets` (`id`, `name`, `handle`, `fieldLayoutId`, `dateCreated`, `dateUpdated`, `uid`) VALUES ('65', 'Aside Column', 'asideColumn', '108', '2015-10-08 19:55:50', '2015-10-08 19:55:50', 'b9fe423a-a9fa-4e8f-9b26-9ea8991d3d78');
INSERT INTO `tmp_globalsets` (`id`, `name`, `handle`, `fieldLayoutId`, `dateCreated`, `dateUpdated`, `uid`) VALUES ('69', 'Instructions', 'instructions', '112', '2015-10-08 22:37:36', '2015-10-08 22:37:36', '8b92948f-a6e2-4e11-8094-c2dfb1d75cd5');



DROP TABLE IF EXISTS `tmp_info`;


--
-- Schema for table `tmp_info`
--
CREATE TABLE `tmp_info` (
  `id` int(11) NOT NULL AUTO_INCREMENT,
  `version` varchar(15) COLLATE utf8_unicode_ci NOT NULL,
  `build` int(11) unsigned NOT NULL,
  `schemaVersion` varchar(15) COLLATE utf8_unicode_ci NOT NULL,
  `releaseDate` datetime NOT NULL,
  `edition` tinyint(1) unsigned NOT NULL DEFAULT '0',
  `siteName` varchar(100) COLLATE utf8_unicode_ci NOT NULL,
  `siteUrl` varchar(255) COLLATE utf8_unicode_ci NOT NULL,
  `timezone` varchar(30) COLLATE utf8_unicode_ci DEFAULT NULL,
  `on` tinyint(1) unsigned NOT NULL DEFAULT '0',
  `maintenance` tinyint(1) unsigned NOT NULL DEFAULT '0',
  `track` varchar(40) COLLATE utf8_unicode_ci NOT NULL,
  `dateCreated` datetime NOT NULL,
  `dateUpdated` datetime NOT NULL,
  `uid` char(36) COLLATE utf8_unicode_ci NOT NULL DEFAULT '0',
  PRIMARY KEY (`id`)
) ENGINE=InnoDB AUTO_INCREMENT=2 DEFAULT CHARSET=utf8 COLLATE=utf8_unicode_ci;

--
-- Data for table `tmp_info`
--

INSERT INTO `tmp_info` (`id`, `version`, `build`, `schemaVersion`, `releaseDate`, `edition`, `siteName`, `siteUrl`, `timezone`, `on`, `maintenance`, `track`, `dateCreated`, `dateUpdated`, `uid`) VALUES ('1', '2.4', '2696', '2.4.0', '2015-10-08 20:51:31', '0', 'The Modern Proper', 'http://tmp.craft.dev', 'UTC', '1', '0', 'stable', '2015-09-01 17:29:48', '2015-10-09 07:26:19', '91b6d70a-2028-47e3-8376-3de1dcc3712a');



DROP TABLE IF EXISTS `tmp_locales`;


--
-- Schema for table `tmp_locales`
--
CREATE TABLE `tmp_locales` (
  `locale` char(12) COLLATE utf8_unicode_ci NOT NULL,
  `sortOrder` tinyint(4) DEFAULT NULL,
  `dateCreated` datetime NOT NULL,
  `dateUpdated` datetime NOT NULL,
  `uid` char(36) COLLATE utf8_unicode_ci NOT NULL DEFAULT '0',
  PRIMARY KEY (`locale`),
  KEY `tmp_locales_sortOrder_idx` (`sortOrder`)
) ENGINE=InnoDB DEFAULT CHARSET=utf8 COLLATE=utf8_unicode_ci;

--
-- Data for table `tmp_locales`
--

INSERT INTO `tmp_locales` (`locale`, `sortOrder`, `dateCreated`, `dateUpdated`, `uid`) VALUES ('en_us', '1', '2015-09-01 17:29:48', '2015-09-01 17:29:48', '3f3a7b30-655f-4e7c-84ad-148d4a9082d5');



DROP TABLE IF EXISTS `tmp_matrixblocks`;


--
-- Schema for table `tmp_matrixblocks`
--
CREATE TABLE `tmp_matrixblocks` (
  `id` int(11) NOT NULL,
  `ownerId` int(11) NOT NULL,
  `fieldId` int(11) NOT NULL,
  `typeId` int(11) DEFAULT NULL,
  `sortOrder` tinyint(4) DEFAULT NULL,
  `ownerLocale` char(12) COLLATE utf8_unicode_ci DEFAULT NULL,
  `dateCreated` datetime NOT NULL,
  `dateUpdated` datetime NOT NULL,
  `uid` char(36) COLLATE utf8_unicode_ci NOT NULL DEFAULT '0',
  PRIMARY KEY (`id`),
  KEY `tmp_matrixblocks_ownerId_idx` (`ownerId`),
  KEY `tmp_matrixblocks_fieldId_idx` (`fieldId`),
  KEY `tmp_matrixblocks_typeId_idx` (`typeId`),
  KEY `tmp_matrixblocks_sortOrder_idx` (`sortOrder`),
  KEY `tmp_matrixblocks_ownerLocale_fk` (`ownerLocale`)
) ENGINE=InnoDB DEFAULT CHARSET=utf8 COLLATE=utf8_unicode_ci;

--
-- Data for table `tmp_matrixblocks`
--

INSERT INTO `tmp_matrixblocks` (`id`, `ownerId`, `fieldId`, `typeId`, `sortOrder`, `ownerLocale`, `dateCreated`, `dateUpdated`, `uid`) VALUES ('8', '6', '6', '1', '1', NULL, '2015-09-23 23:38:51', '2015-10-09 01:06:05', 'ddedacf7-ae99-4e57-862a-8a533bfc87b7');
INSERT INTO `tmp_matrixblocks` (`id`, `ownerId`, `fieldId`, `typeId`, `sortOrder`, `ownerLocale`, `dateCreated`, `dateUpdated`, `uid`) VALUES ('11', '6', '6', '1', '4', NULL, '2015-09-24 22:32:32', '2015-10-09 01:06:05', '3f3d61e2-0076-47b0-8a0d-c891ccae73e8');
INSERT INTO `tmp_matrixblocks` (`id`, `ownerId`, `fieldId`, `typeId`, `sortOrder`, `ownerLocale`, `dateCreated`, `dateUpdated`, `uid`) VALUES ('13', '6', '6', '2', '3', NULL, '2015-09-25 02:09:51', '2015-10-09 01:06:05', '88a4b8f8-76e0-4658-a385-1d6d82eed00a');
INSERT INTO `tmp_matrixblocks` (`id`, `ownerId`, `fieldId`, `typeId`, `sortOrder`, `ownerLocale`, `dateCreated`, `dateUpdated`, `uid`) VALUES ('15', '6', '6', '2', '5', NULL, '2015-09-25 03:13:02', '2015-10-09 01:06:05', '4f8e555a-0a0c-4977-b0cf-6b870e3d1543');
INSERT INTO `tmp_matrixblocks` (`id`, `ownerId`, `fieldId`, `typeId`, `sortOrder`, `ownerLocale`, `dateCreated`, `dateUpdated`, `uid`) VALUES ('26', '6', '6', '4', '2', NULL, '2015-09-25 06:14:43', '2015-10-09 01:06:05', '57e60586-1b28-4531-a509-a0d1a946e356');
INSERT INTO `tmp_matrixblocks` (`id`, `ownerId`, `fieldId`, `typeId`, `sortOrder`, `ownerLocale`, `dateCreated`, `dateUpdated`, `uid`) VALUES ('27', '6', '6', '1', '6', NULL, '2015-09-25 06:14:43', '2015-10-09 01:06:05', '6facfd9e-1e92-478d-a45b-15fc588e480a');
INSERT INTO `tmp_matrixblocks` (`id`, `ownerId`, `fieldId`, `typeId`, `sortOrder`, `ownerLocale`, `dateCreated`, `dateUpdated`, `uid`) VALUES ('28', '6', '6', '2', '7', NULL, '2015-09-25 06:14:43', '2015-10-09 01:06:05', 'ace21695-a037-4c06-a5f2-057dac7df485');
INSERT INTO `tmp_matrixblocks` (`id`, `ownerId`, `fieldId`, `typeId`, `sortOrder`, `ownerLocale`, `dateCreated`, `dateUpdated`, `uid`) VALUES ('29', '6', '6', '3', '8', NULL, '2015-09-25 06:14:43', '2015-10-09 01:06:05', 'fd673b20-e692-47e2-9f0e-23860e18e5f4');
INSERT INTO `tmp_matrixblocks` (`id`, `ownerId`, `fieldId`, `typeId`, `sortOrder`, `ownerLocale`, `dateCreated`, `dateUpdated`, `uid`) VALUES ('30', '6', '6', '2', '9', NULL, '2015-09-25 06:24:52', '2015-10-09 01:06:05', '2d0fdcb9-98d2-4a90-9577-b5cdfb4fab8e');
INSERT INTO `tmp_matrixblocks` (`id`, `ownerId`, `fieldId`, `typeId`, `sortOrder`, `ownerLocale`, `dateCreated`, `dateUpdated`, `uid`) VALUES ('32', '31', '6', '1', '1', NULL, '2015-09-25 23:00:59', '2015-09-25 23:00:59', '3d46fa7e-1524-4cee-8a1b-5289c1971833');
INSERT INTO `tmp_matrixblocks` (`id`, `ownerId`, `fieldId`, `typeId`, `sortOrder`, `ownerLocale`, `dateCreated`, `dateUpdated`, `uid`) VALUES ('36', '35', '31', '5', '1', NULL, '2015-09-27 17:15:30', '2015-10-06 03:28:58', 'f0281d6b-b01b-47ee-848c-663790b143bf');
INSERT INTO `tmp_matrixblocks` (`id`, `ownerId`, `fieldId`, `typeId`, `sortOrder`, `ownerLocale`, `dateCreated`, `dateUpdated`, `uid`) VALUES ('37', '35', '31', '5', '2', NULL, '2015-09-27 17:15:31', '2015-10-06 03:28:58', '38ace99f-7aad-4f8e-86d5-6e097885b30e');
INSERT INTO `tmp_matrixblocks` (`id`, `ownerId`, `fieldId`, `typeId`, `sortOrder`, `ownerLocale`, `dateCreated`, `dateUpdated`, `uid`) VALUES ('38', '35', '31', '5', '3', NULL, '2015-09-27 17:15:31', '2015-10-06 03:28:58', 'ecc80573-fe9a-498a-bec5-21c073699587');
INSERT INTO `tmp_matrixblocks` (`id`, `ownerId`, `fieldId`, `typeId`, `sortOrder`, `ownerLocale`, `dateCreated`, `dateUpdated`, `uid`) VALUES ('39', '5', '6', '3', '1', NULL, '2015-09-28 01:19:14', '2015-10-08 05:16:36', '0077eddb-06b4-420d-b67d-1266cf1d9fff');
INSERT INTO `tmp_matrixblocks` (`id`, `ownerId`, `fieldId`, `typeId`, `sortOrder`, `ownerLocale`, `dateCreated`, `dateUpdated`, `uid`) VALUES ('42', '41', '6', '1', '1', NULL, '2015-09-28 05:27:24', '2015-10-08 05:15:58', 'c79e6618-6fd8-404a-ade1-046837b0b69f');
INSERT INTO `tmp_matrixblocks` (`id`, `ownerId`, `fieldId`, `typeId`, `sortOrder`, `ownerLocale`, `dateCreated`, `dateUpdated`, `uid`) VALUES ('43', '41', '6', '2', '2', NULL, '2015-09-28 05:27:24', '2015-10-08 05:15:58', '9002b50f-09bc-41e9-b7aa-08410c7244f9');
INSERT INTO `tmp_matrixblocks` (`id`, `ownerId`, `fieldId`, `typeId`, `sortOrder`, `ownerLocale`, `dateCreated`, `dateUpdated`, `uid`) VALUES ('60', '46', '35', '6', '1', NULL, '2015-10-04 20:13:03', '2015-10-05 04:05:29', '5d88782b-06d0-4a14-b3d3-9fd6cad95943');
INSERT INTO `tmp_matrixblocks` (`id`, `ownerId`, `fieldId`, `typeId`, `sortOrder`, `ownerLocale`, `dateCreated`, `dateUpdated`, `uid`) VALUES ('74', '69', '43', '7', '1', NULL, '2015-10-08 22:44:42', '2015-10-08 23:29:56', '3a39acaa-edeb-4952-80d5-2840b33c72bd');
INSERT INTO `tmp_matrixblocks` (`id`, `ownerId`, `fieldId`, `typeId`, `sortOrder`, `ownerLocale`, `dateCreated`, `dateUpdated`, `uid`) VALUES ('75', '69', '43', '7', '2', NULL, '2015-10-08 22:44:42', '2015-10-08 23:29:56', '0227760c-eb6c-4fd1-abbf-0aadcf896161');
INSERT INTO `tmp_matrixblocks` (`id`, `ownerId`, `fieldId`, `typeId`, `sortOrder`, `ownerLocale`, `dateCreated`, `dateUpdated`, `uid`) VALUES ('76', '69', '43', '7', '3', NULL, '2015-10-08 22:44:42', '2015-10-08 23:29:56', 'ae93ec05-33d4-425e-a599-d95157e961a7');
INSERT INTO `tmp_matrixblocks` (`id`, `ownerId`, `fieldId`, `typeId`, `sortOrder`, `ownerLocale`, `dateCreated`, `dateUpdated`, `uid`) VALUES ('77', '69', '43', '7', '4', NULL, '2015-10-08 22:44:42', '2015-10-08 23:29:56', 'e5ae2229-5132-46ab-b491-7d90304a00ef');



DROP TABLE IF EXISTS `tmp_matrixblocktypes`;


--
-- Schema for table `tmp_matrixblocktypes`
--
CREATE TABLE `tmp_matrixblocktypes` (
  `id` int(11) NOT NULL AUTO_INCREMENT,
  `fieldId` int(11) NOT NULL,
  `fieldLayoutId` int(11) DEFAULT NULL,
  `name` varchar(255) COLLATE utf8_unicode_ci NOT NULL,
  `handle` varchar(255) COLLATE utf8_unicode_ci NOT NULL,
  `sortOrder` tinyint(4) DEFAULT NULL,
  `dateCreated` datetime NOT NULL,
  `dateUpdated` datetime NOT NULL,
  `uid` char(36) COLLATE utf8_unicode_ci NOT NULL DEFAULT '0',
  PRIMARY KEY (`id`),
  UNIQUE KEY `tmp_matrixblocktypes_name_fieldId_unq_idx` (`name`,`fieldId`),
  UNIQUE KEY `tmp_matrixblocktypes_handle_fieldId_unq_idx` (`handle`,`fieldId`),
  KEY `tmp_matrixblocktypes_fieldId_fk` (`fieldId`),
  KEY `tmp_matrixblocktypes_fieldLayoutId_fk` (`fieldLayoutId`)
) ENGINE=InnoDB AUTO_INCREMENT=8 DEFAULT CHARSET=utf8 COLLATE=utf8_unicode_ci;

--
-- Data for table `tmp_matrixblocktypes`
--

INSERT INTO `tmp_matrixblocktypes` (`id`, `fieldId`, `fieldLayoutId`, `name`, `handle`, `sortOrder`, `dateCreated`, `dateUpdated`, `uid`) VALUES ('1', '6', '87', 'Text Block', 'textBlock', '1', '2015-09-18 23:26:59', '2015-09-29 05:46:12', '735684e4-f049-44f2-8d75-877f2cc99cdf');
INSERT INTO `tmp_matrixblocktypes` (`id`, `fieldId`, `fieldLayoutId`, `name`, `handle`, `sortOrder`, `dateCreated`, `dateUpdated`, `uid`) VALUES ('2', '6', '89', 'Photos', 'photos', '3', '2015-09-18 23:26:59', '2015-09-29 05:46:12', 'f8137d4b-6efc-42d2-97f0-765112877473');
INSERT INTO `tmp_matrixblocktypes` (`id`, `fieldId`, `fieldLayoutId`, `name`, `handle`, `sortOrder`, `dateCreated`, `dateUpdated`, `uid`) VALUES ('3', '6', '90', 'Recipe', 'recipe', '4', '2015-09-18 23:26:59', '2015-09-29 05:46:13', 'f836b80b-b3e2-4bbe-8ee5-318024fd697b');
INSERT INTO `tmp_matrixblocktypes` (`id`, `fieldId`, `fieldLayoutId`, `name`, `handle`, `sortOrder`, `dateCreated`, `dateUpdated`, `uid`) VALUES ('4', '6', '88', 'Callout', 'callout', '2', '2015-09-24 21:55:13', '2015-09-29 05:46:12', 'ad6c0b1a-9d4c-4d1e-bd85-0031a400171b');
INSERT INTO `tmp_matrixblocktypes` (`id`, `fieldId`, `fieldLayoutId`, `name`, `handle`, `sortOrder`, `dateCreated`, `dateUpdated`, `uid`) VALUES ('5', '31', '86', 'Navigation Link', 'navigationLink', '1', '2015-09-27 17:04:29', '2015-09-27 17:15:50', '0da869d0-42ad-4d43-98ba-d01066032938');
INSERT INTO `tmp_matrixblocktypes` (`id`, `fieldId`, `fieldLayoutId`, `name`, `handle`, `sortOrder`, `dateCreated`, `dateUpdated`, `uid`) VALUES ('6', '35', '103', 'Custom Posts', 'customPosts', '1', '2015-10-04 19:31:55', '2015-10-05 04:46:07', 'f3ae486b-6d71-49aa-be19-f7c32b0a1ce3');
INSERT INTO `tmp_matrixblocktypes` (`id`, `fieldId`, `fieldLayoutId`, `name`, `handle`, `sortOrder`, `dateCreated`, `dateUpdated`, `uid`) VALUES ('7', '43', '114', 'Step', 'step', '1', '2015-10-08 22:35:11', '2015-10-08 22:44:54', '52bc3eaa-916d-434f-a4ee-c75925870594');



DROP TABLE IF EXISTS `tmp_matrixcontent_featuredposts`;


--
-- Schema for table `tmp_matrixcontent_featuredposts`
--
CREATE TABLE `tmp_matrixcontent_featuredposts` (
  `id` int(11) NOT NULL AUTO_INCREMENT,
  `elementId` int(11) NOT NULL,
  `locale` char(12) COLLATE utf8_unicode_ci NOT NULL,
  `dateCreated` datetime NOT NULL,
  `dateUpdated` datetime NOT NULL,
  `uid` char(36) COLLATE utf8_unicode_ci NOT NULL DEFAULT '0',
  PRIMARY KEY (`id`),
  UNIQUE KEY `tmp_matrixcontent_featuredposts_elementId_locale_unq_idx` (`elementId`,`locale`),
  KEY `tmp_matrixcontent_featuredposts_locale_fk` (`locale`)
) ENGINE=InnoDB AUTO_INCREMENT=2 DEFAULT CHARSET=utf8 COLLATE=utf8_unicode_ci;

--
-- Data for table `tmp_matrixcontent_featuredposts`
--

INSERT INTO `tmp_matrixcontent_featuredposts` (`id`, `elementId`, `locale`, `dateCreated`, `dateUpdated`, `uid`) VALUES ('1', '60', 'en_us', '2015-10-04 20:13:03', '2015-10-05 04:05:29', '199e6037-51cb-4ff8-96a2-72a01028f529');



DROP TABLE IF EXISTS `tmp_matrixcontent_instructionstep`;


--
-- Schema for table `tmp_matrixcontent_instructionstep`
--
CREATE TABLE `tmp_matrixcontent_instructionstep` (
  `id` int(11) NOT NULL AUTO_INCREMENT,
  `elementId` int(11) NOT NULL,
  `locale` char(12) COLLATE utf8_unicode_ci NOT NULL,
  `field_step_stepTitle` text COLLATE utf8_unicode_ci,
  `field_step_stepBlurb` text COLLATE utf8_unicode_ci,
  `dateCreated` datetime NOT NULL,
  `dateUpdated` datetime NOT NULL,
  `uid` char(36) COLLATE utf8_unicode_ci NOT NULL DEFAULT '0',
  PRIMARY KEY (`id`),
  UNIQUE KEY `tmp_matrixcontent_instructionstep_elementId_locale_unq_idx` (`elementId`,`locale`),
  KEY `tmp_matrixcontent_instructionstep_locale_fk` (`locale`)
) ENGINE=InnoDB AUTO_INCREMENT=5 DEFAULT CHARSET=utf8 COLLATE=utf8_unicode_ci;

--
-- Data for table `tmp_matrixcontent_instructionstep`
--

INSERT INTO `tmp_matrixcontent_instructionstep` (`id`, `elementId`, `locale`, `field_step_stepTitle`, `field_step_stepBlurb`, `dateCreated`, `dateUpdated`, `uid`) VALUES ('1', '74', 'en_us', '1. Make', 'Search through our recipes and use our methods to make some culinary magic.', '2015-10-08 22:44:42', '2015-10-08 23:29:55', 'a24de02f-f3a6-4df8-b018-a11d64c2bbf1');
INSERT INTO `tmp_matrixcontent_instructionstep` (`id`, `elementId`, `locale`, `field_step_stepTitle`, `field_step_stepBlurb`, `dateCreated`, `dateUpdated`, `uid`) VALUES ('2', '75', 'en_us', '2. Shoot', 'Make sure and get a good shot of your masterpiece before it gets devoured.', '2015-10-08 22:44:42', '2015-10-08 23:29:56', 'c275c680-dd17-45e6-ba24-4fdabe309eb1');
INSERT INTO `tmp_matrixcontent_instructionstep` (`id`, `elementId`, `locale`, `field_step_stepTitle`, `field_step_stepBlurb`, `dateCreated`, `dateUpdated`, `uid`) VALUES ('3', '76', 'en_us', '3. Host', 'Invite your loveliest friends over, enjoy a delicious meal and laugh ...a lot.', '2015-10-08 22:44:42', '2015-10-08 23:29:56', '4c95a46b-b6c2-471a-9fb5-ec139a26c001');
INSERT INTO `tmp_matrixcontent_instructionstep` (`id`, `elementId`, `locale`, `field_step_stepTitle`, `field_step_stepBlurb`, `dateCreated`, `dateUpdated`, `uid`) VALUES ('4', '77', 'en_us', '4. Post', 'Don\'t forget to mention @themodernproper. We\'d love to see what you\'ve made!', '2015-10-08 22:44:42', '2015-10-08 23:29:56', 'ef591102-0b13-4c60-97c1-1a67c3b4a38e');



DROP TABLE IF EXISTS `tmp_matrixcontent_navigationitems`;


--
-- Schema for table `tmp_matrixcontent_navigationitems`
--
CREATE TABLE `tmp_matrixcontent_navigationitems` (
  `id` int(11) NOT NULL AUTO_INCREMENT,
  `elementId` int(11) NOT NULL,
  `locale` char(12) COLLATE utf8_unicode_ci NOT NULL,
  `field_navigationLink_linkInfo` text COLLATE utf8_unicode_ci,
  `dateCreated` datetime NOT NULL,
  `dateUpdated` datetime NOT NULL,
  `uid` char(36) COLLATE utf8_unicode_ci NOT NULL DEFAULT '0',
  PRIMARY KEY (`id`),
  UNIQUE KEY `tmp_matrixcontent_navigationitems_elementId_locale_unq_idx` (`elementId`,`locale`),
  KEY `tmp_matrixcontent_navigationitems_locale_fk` (`locale`)
) ENGINE=InnoDB AUTO_INCREMENT=4 DEFAULT CHARSET=utf8 COLLATE=utf8_unicode_ci;

--
-- Data for table `tmp_matrixcontent_navigationitems`
--

INSERT INTO `tmp_matrixcontent_navigationitems` (`id`, `elementId`, `locale`, `field_navigationLink_linkInfo`, `dateCreated`, `dateUpdated`, `uid`) VALUES ('1', '36', 'en_us', '{\"type\":\"entry\",\"custom\":\"\",\"entry\":[\"31\"],\"text\":\"About\",\"target\":\"\"}', '2015-09-27 17:15:30', '2015-10-06 03:28:58', 'b5d04691-4719-4fce-9818-420c2ee9298e');
INSERT INTO `tmp_matrixcontent_navigationitems` (`id`, `elementId`, `locale`, `field_navigationLink_linkInfo`, `dateCreated`, `dateUpdated`, `uid`) VALUES ('2', '37', 'en_us', '{\"type\":\"custom\",\"custom\":\"https:\\/\\/www.etsy.com\\/shop\\/themodernproper\",\"entry\":\"\",\"text\":\"Shop\",\"target\":\"1\"}', '2015-09-27 17:15:30', '2015-10-06 03:28:58', '6167befe-9e0c-4710-99cf-e5f1b7116b7a');
INSERT INTO `tmp_matrixcontent_navigationitems` (`id`, `elementId`, `locale`, `field_navigationLink_linkInfo`, `dateCreated`, `dateUpdated`, `uid`) VALUES ('3', '38', 'en_us', '{\"type\":\"entry\",\"custom\":\"\",\"entry\":[\"62\"],\"text\":\"Posts\",\"target\":\"\"}', '2015-09-27 17:15:31', '2015-10-06 03:28:58', 'f51bd0b0-9cf5-438a-8933-dfbc98fb2ab9');



DROP TABLE IF EXISTS `tmp_matrixcontent_postbuilder`;


--
-- Schema for table `tmp_matrixcontent_postbuilder`
--
CREATE TABLE `tmp_matrixcontent_postbuilder` (
  `id` int(11) NOT NULL AUTO_INCREMENT,
  `elementId` int(11) NOT NULL,
  `locale` char(12) COLLATE utf8_unicode_ci NOT NULL,
  `field_textBlock_text` text COLLATE utf8_unicode_ci,
  `field_textBlock_position` varchar(255) COLLATE utf8_unicode_ci DEFAULT NULL,
  `field_textBlock_paddingTop` varchar(255) COLLATE utf8_unicode_ci DEFAULT 'none',
  `field_textBlock_paddingBottom` varchar(255) COLLATE utf8_unicode_ci DEFAULT 'normal',
  `field_photos_paddingTop` varchar(255) COLLATE utf8_unicode_ci DEFAULT 'none',
  `field_photos_paddingBottom` varchar(255) COLLATE utf8_unicode_ci DEFAULT 'normal',
  `field_photos_photoWidth` varchar(255) COLLATE utf8_unicode_ci DEFAULT 'normal',
  `field_recipe_ingredientsList` text COLLATE utf8_unicode_ci,
  `field_callout_text` text COLLATE utf8_unicode_ci,
  `field_callout_cite` text COLLATE utf8_unicode_ci,
  `field_callout_textColor` varchar(255) COLLATE utf8_unicode_ci DEFAULT 'gray',
  `field_callout_paddingTop` varchar(255) COLLATE utf8_unicode_ci DEFAULT 'none',
  `field_callout_paddingBottom` varchar(255) COLLATE utf8_unicode_ci DEFAULT 'normal',
  `field_recipe_method` text COLLATE utf8_unicode_ci,
  `field_recipe_servings` int(10) unsigned DEFAULT '0',
  `field_photos_mobileStack` varchar(255) COLLATE utf8_unicode_ci DEFAULT NULL,
  `dateCreated` datetime NOT NULL,
  `dateUpdated` datetime NOT NULL,
  `uid` char(36) COLLATE utf8_unicode_ci NOT NULL DEFAULT '0',
  PRIMARY KEY (`id`),
  UNIQUE KEY `tmp_matrixcontent_postbuilder_elementId_locale_unq_idx` (`elementId`,`locale`),
  KEY `tmp_matrixcontent_postbuilder_locale_fk` (`locale`)
) ENGINE=InnoDB AUTO_INCREMENT=18 DEFAULT CHARSET=utf8 COLLATE=utf8_unicode_ci;

--
-- Data for table `tmp_matrixcontent_postbuilder`
--

INSERT INTO `tmp_matrixcontent_postbuilder` (`id`, `elementId`, `locale`, `field_textBlock_text`, `field_textBlock_position`, `field_textBlock_paddingTop`, `field_textBlock_paddingBottom`, `field_photos_paddingTop`, `field_photos_paddingBottom`, `field_photos_photoWidth`, `field_recipe_ingredientsList`, `field_callout_text`, `field_callout_cite`, `field_callout_textColor`, `field_callout_paddingTop`, `field_callout_paddingBottom`, `field_recipe_method`, `field_recipe_servings`, `field_photos_mobileStack`, `dateCreated`, `dateUpdated`, `uid`) VALUES ('1', '8', 'en_us', '<p>Tomorrow is the first day of fall and although we’ve had a few days that feel crisp and cool, this Northwest weather is taking its sweet time to change. We don’t mind a few more days of sunshine and you’ll never catch us complaining about a perfect 66 degree day, but we are definitely looking forward to nights around the table, full of friends and comfort foods, crusty bread and soup, backyard camp fires and toasted marshmallows. But because this weather is being so reluctant, we are easing into fall, slowly. Now that school has started and we’ve shared <a href=\"http://themodernproper.com/post/128950475807/lunch-box-ideas-linens-and-give-away\">our school lunch ideas</a> with you in our last post, it’s time to talk apples. The quintessential fruit of autumn.\n</p>', 'center', 'double', 'double', NULL, NULL, NULL, NULL, NULL, NULL, NULL, NULL, NULL, NULL, NULL, NULL, '2015-09-23 23:38:51', '2015-10-09 01:06:05', '9adc5de2-7397-4412-853f-8a8ce75fa9b6');
INSERT INTO `tmp_matrixcontent_postbuilder` (`id`, `elementId`, `locale`, `field_textBlock_text`, `field_textBlock_position`, `field_textBlock_paddingTop`, `field_textBlock_paddingBottom`, `field_photos_paddingTop`, `field_photos_paddingBottom`, `field_photos_photoWidth`, `field_recipe_ingredientsList`, `field_callout_text`, `field_callout_cite`, `field_callout_textColor`, `field_callout_paddingTop`, `field_callout_paddingBottom`, `field_recipe_method`, `field_recipe_servings`, `field_photos_mobileStack`, `dateCreated`, `dateUpdated`, `uid`) VALUES ('4', '11', 'en_us', '<p>This last weekend I (Holly) got to spend some time in Seattle attending the <a href=\"http://www.foodista.com/ifbc\" target=\"_blank\">International Food Bloggers Convention</a>, which is always a good time. This year, I got invited to a dinner put on by <a href=\"http://www.stemilt.com/\" target=\"_blank\">Stemilt</a>, the nation’s leading supplier of tree fruit, including wholesome apples, pears, cherries and summer fruits. They know a thing or two about delicious apples and how to incorporate them into everyday dishes. I was honored to share a table with them.\n</p><p>The dinner was perfectly executed by Seattle’s own Chef Erika Burke and unique varieties of Stemilt fruit were the shining star of each of the courses. The night ended with Stemilt’s own piñata apple hand pie served with brown butter ice cream, which tasted like all things Fall, wrapped up in one dessert. As the evening died down and it came time to leave, I couldn’t help myself and grabbed a second hand pie, eating it on the drizzly walk to my car. My sweater pockets were weighed down with handfuls of apples (don’t worry, they offered them) which I can’t wait to use in my own kitchen.\n</p>', 'center', 'normal', 'normal', NULL, NULL, NULL, NULL, NULL, NULL, NULL, NULL, NULL, NULL, NULL, NULL, '2015-09-24 22:32:32', '2015-10-09 01:06:05', '60e5070c-3272-4448-bea4-e5844b9bd8d0');
INSERT INTO `tmp_matrixcontent_postbuilder` (`id`, `elementId`, `locale`, `field_textBlock_text`, `field_textBlock_position`, `field_textBlock_paddingTop`, `field_textBlock_paddingBottom`, `field_photos_paddingTop`, `field_photos_paddingBottom`, `field_photos_photoWidth`, `field_recipe_ingredientsList`, `field_callout_text`, `field_callout_cite`, `field_callout_textColor`, `field_callout_paddingTop`, `field_callout_paddingBottom`, `field_recipe_method`, `field_recipe_servings`, `field_photos_mobileStack`, `dateCreated`, `dateUpdated`, `uid`) VALUES ('5', '13', 'en_us', NULL, NULL, NULL, NULL, 'normal', 'double', 'wide', NULL, NULL, NULL, NULL, NULL, NULL, NULL, NULL, '[\"stack\"]', '2015-09-25 02:09:51', '2015-10-09 01:06:05', '1dd410bf-3ae6-458a-ab20-d68fafce0616');
INSERT INTO `tmp_matrixcontent_postbuilder` (`id`, `elementId`, `locale`, `field_textBlock_text`, `field_textBlock_position`, `field_textBlock_paddingTop`, `field_textBlock_paddingBottom`, `field_photos_paddingTop`, `field_photos_paddingBottom`, `field_photos_photoWidth`, `field_recipe_ingredientsList`, `field_callout_text`, `field_callout_cite`, `field_callout_textColor`, `field_callout_paddingTop`, `field_callout_paddingBottom`, `field_recipe_method`, `field_recipe_servings`, `field_photos_mobileStack`, `dateCreated`, `dateUpdated`, `uid`) VALUES ('6', '15', 'en_us', NULL, NULL, NULL, NULL, 'double', 'normal', 'wide', NULL, NULL, NULL, NULL, NULL, NULL, NULL, NULL, '', '2015-09-25 03:13:02', '2015-10-09 01:06:05', 'bebfd9f2-99b1-4ee1-929d-bdb190b067d8');
INSERT INTO `tmp_matrixcontent_postbuilder` (`id`, `elementId`, `locale`, `field_textBlock_text`, `field_textBlock_position`, `field_textBlock_paddingTop`, `field_textBlock_paddingBottom`, `field_photos_paddingTop`, `field_photos_paddingBottom`, `field_photos_photoWidth`, `field_recipe_ingredientsList`, `field_callout_text`, `field_callout_cite`, `field_callout_textColor`, `field_callout_paddingTop`, `field_callout_paddingBottom`, `field_recipe_method`, `field_recipe_servings`, `field_photos_mobileStack`, `dateCreated`, `dateUpdated`, `uid`) VALUES ('9', '26', 'en_us', NULL, NULL, NULL, NULL, NULL, NULL, NULL, NULL, 'It’s caramely and crispy and is baked just long enough for the apples to keep some of their bite and a subtle tartness.', '', 'red', 'none', 'normal', NULL, NULL, NULL, '2015-09-25 06:14:43', '2015-10-09 01:06:05', 'c5abbbbf-a4d6-47a2-83c8-e12ab75dde75');
INSERT INTO `tmp_matrixcontent_postbuilder` (`id`, `elementId`, `locale`, `field_textBlock_text`, `field_textBlock_position`, `field_textBlock_paddingTop`, `field_textBlock_paddingBottom`, `field_photos_paddingTop`, `field_photos_paddingBottom`, `field_photos_photoWidth`, `field_recipe_ingredientsList`, `field_callout_text`, `field_callout_cite`, `field_callout_textColor`, `field_callout_paddingTop`, `field_callout_paddingBottom`, `field_recipe_method`, `field_recipe_servings`, `field_photos_mobileStack`, `dateCreated`, `dateUpdated`, `uid`) VALUES ('10', '27', 'en_us', '<p>Craving that familiar fall feeling in our homes and around our tables with friends and family, Natalie and I met up last week to make this skillet apple crumble. It’s caramely and crispy and is baked just long enough for the apples to keep some of their bite and a subtle tartness. I am looking forward to making it again soon using the piñata apples Stimelt gave us as a parting gift from the dinner and will be sure to do my part to usher (okay maybe force) in this glorious season.\n</p>', 'center', 'normal', 'normal', NULL, NULL, NULL, NULL, NULL, NULL, NULL, NULL, NULL, NULL, NULL, NULL, '2015-09-25 06:14:43', '2015-10-09 01:06:05', 'ac327e14-596e-470e-a65b-e66b09dc7dc3');
INSERT INTO `tmp_matrixcontent_postbuilder` (`id`, `elementId`, `locale`, `field_textBlock_text`, `field_textBlock_position`, `field_textBlock_paddingTop`, `field_textBlock_paddingBottom`, `field_photos_paddingTop`, `field_photos_paddingBottom`, `field_photos_photoWidth`, `field_recipe_ingredientsList`, `field_callout_text`, `field_callout_cite`, `field_callout_textColor`, `field_callout_paddingTop`, `field_callout_paddingBottom`, `field_recipe_method`, `field_recipe_servings`, `field_photos_mobileStack`, `dateCreated`, `dateUpdated`, `uid`) VALUES ('11', '28', 'en_us', NULL, NULL, NULL, NULL, 'normal', 'normal', 'slim', NULL, NULL, NULL, NULL, NULL, NULL, NULL, NULL, '', '2015-09-25 06:14:43', '2015-10-09 01:06:05', 'fa76f718-0f09-4780-8564-391f6215a551');
INSERT INTO `tmp_matrixcontent_postbuilder` (`id`, `elementId`, `locale`, `field_textBlock_text`, `field_textBlock_position`, `field_textBlock_paddingTop`, `field_textBlock_paddingBottom`, `field_photos_paddingTop`, `field_photos_paddingBottom`, `field_photos_photoWidth`, `field_recipe_ingredientsList`, `field_callout_text`, `field_callout_cite`, `field_callout_textColor`, `field_callout_paddingTop`, `field_callout_paddingBottom`, `field_recipe_method`, `field_recipe_servings`, `field_photos_mobileStack`, `dateCreated`, `dateUpdated`, `uid`) VALUES ('12', '29', 'en_us', NULL, NULL, NULL, NULL, NULL, NULL, NULL, '[{\"col2\":\"5 cups\",\"col1\":\"apples, peeled, cored and sliced\"},{\"col2\":\"1 1\\/3 cup\",\"col1\":\"brown sugar\"},{\"col2\":\"1 1\\/2\",\"col1\":\"  tsp cinnamon\"},{\"col2\":\"3 tbsp \",\"col1\":\"butter\"},{\"col2\":\"1\\/3 cup \",\"col1\":\"melted butter\"},{\"col2\":\"1 cup \",\"col1\":\"flour\"}]', NULL, NULL, NULL, NULL, NULL, '<ol><li><em>Preheat oven to 375°.</em></li>\n	<li><em>In a medium sized mixing bowl coat apples with ⅓ cup brown sugar and ½ tsp cinnamon. Thinly slice 3 tbsp of butter and layer in the bottom of a 12 inch cast iron skillet. Pour the apples over the butter.</em></li>\n	<li><em>In another mixing bowl combine remaining sugar, cinnamon, flour and melted butter until a fully incorporated. Using your fingers crumble over the top of the apples.</em></li>\n	<li><em>Bake on the center rack for 1 hour or until bubbling. I think it goes without saying this should be served with vanilla ice cream.</em></li>\n</ol>', '5', NULL, '2015-09-25 06:14:43', '2015-10-09 01:06:05', '4b9c67b0-8cea-4f3f-bad3-74d4cb21b2e9');
INSERT INTO `tmp_matrixcontent_postbuilder` (`id`, `elementId`, `locale`, `field_textBlock_text`, `field_textBlock_position`, `field_textBlock_paddingTop`, `field_textBlock_paddingBottom`, `field_photos_paddingTop`, `field_photos_paddingBottom`, `field_photos_photoWidth`, `field_recipe_ingredientsList`, `field_callout_text`, `field_callout_cite`, `field_callout_textColor`, `field_callout_paddingTop`, `field_callout_paddingBottom`, `field_recipe_method`, `field_recipe_servings`, `field_photos_mobileStack`, `dateCreated`, `dateUpdated`, `uid`) VALUES ('13', '30', 'en_us', NULL, NULL, NULL, NULL, 'normal', 'normal', 'normal', NULL, NULL, NULL, NULL, NULL, NULL, NULL, NULL, '', '2015-09-25 06:24:52', '2015-10-09 01:06:05', '5464d217-c95a-49e6-af8d-9a557ebe7577');
INSERT INTO `tmp_matrixcontent_postbuilder` (`id`, `elementId`, `locale`, `field_textBlock_text`, `field_textBlock_position`, `field_textBlock_paddingTop`, `field_textBlock_paddingBottom`, `field_photos_paddingTop`, `field_photos_paddingBottom`, `field_photos_photoWidth`, `field_recipe_ingredientsList`, `field_callout_text`, `field_callout_cite`, `field_callout_textColor`, `field_callout_paddingTop`, `field_callout_paddingBottom`, `field_recipe_method`, `field_recipe_servings`, `field_photos_mobileStack`, `dateCreated`, `dateUpdated`, `uid`) VALUES ('14', '32', 'en_us', '<h2>About The Modern Proper</h2><p>Integer legentibus erat a ante historiarum dapibus. Phasellus laoreet lorem vel dolor tempus vehicula. Fictum,  deserunt mollit anim laborum astutumque!</p><p>Cum sociis natoque penatibus et magnis dis parturient. Morbi fringilla convallis sapien, id pulvinar odio volutpat. Gallia est omnis divisa in partes tres, quarum.</p><p>Donec sed odio operae, eu vulputate felis rhoncus. Hi omnes lingua, institutis, legibus inter se differunt. Pellentesque habitant morbi tristique senectus et netus. Qui ipsorum lingua Celtae, nostra Galli appellantur. Tu quoque, Brute, fili mi, nihil timor populi, nihil! Contra legem facit qui id facit quod lex prohibet.</p>', 'center', 'double', 'double', NULL, NULL, NULL, NULL, NULL, NULL, NULL, NULL, NULL, NULL, NULL, NULL, '2015-09-25 23:00:59', '2015-09-25 23:00:59', '3ee6fee3-76f0-4c1b-bf5f-aedce0db8cc0');
INSERT INTO `tmp_matrixcontent_postbuilder` (`id`, `elementId`, `locale`, `field_textBlock_text`, `field_textBlock_position`, `field_textBlock_paddingTop`, `field_textBlock_paddingBottom`, `field_photos_paddingTop`, `field_photos_paddingBottom`, `field_photos_photoWidth`, `field_recipe_ingredientsList`, `field_callout_text`, `field_callout_cite`, `field_callout_textColor`, `field_callout_paddingTop`, `field_callout_paddingBottom`, `field_recipe_method`, `field_recipe_servings`, `field_photos_mobileStack`, `dateCreated`, `dateUpdated`, `uid`) VALUES ('15', '39', 'en_us', NULL, NULL, NULL, NULL, NULL, NULL, NULL, '[{\"col2\":\"155 lbs\",\"col1\":\"Ryan\"}]', NULL, NULL, NULL, NULL, NULL, '<p>Non equidem invideo, miror magis posuere velit aliquet. Quam diu etiam furor iste tuus nos eludet? Qui ipsorum lingua Celtae, nostra Galli appellantur. Tityre, tu patulae recubans sub tegmine fagi  dolor. Donec sed odio operae, eu vulputate felis rhoncus. Excepteur sint obcaecat cupiditat non proident culpa.</p><p>Cum ceteris in veneratione tui montes, nascetur mus. Curabitur est gravida et libero vitae dictum. Quisque ut dolor gravida, placerat libero vel, euismod. Sed haec quis possit intrepidus aestimare tellus. Hi omnes lingua, institutis, legibus inter se differunt.</p>', '1', NULL, '2015-09-28 01:19:14', '2015-10-08 05:16:36', '121e861e-c040-4e51-8561-e5530cc06a6d');
INSERT INTO `tmp_matrixcontent_postbuilder` (`id`, `elementId`, `locale`, `field_textBlock_text`, `field_textBlock_position`, `field_textBlock_paddingTop`, `field_textBlock_paddingBottom`, `field_photos_paddingTop`, `field_photos_paddingBottom`, `field_photos_photoWidth`, `field_recipe_ingredientsList`, `field_callout_text`, `field_callout_cite`, `field_callout_textColor`, `field_callout_paddingTop`, `field_callout_paddingBottom`, `field_recipe_method`, `field_recipe_servings`, `field_photos_mobileStack`, `dateCreated`, `dateUpdated`, `uid`) VALUES ('16', '42', 'en_us', '<p>Holly and I have now been building the Modern Proper for a little over two years. We look at each other on the regular and say “hey, we’re doing it!“ What an eventful two years it’s been. To be completely honest, we have tried to throw in the towel on more than one occasion, yet the moment we’re about to call it quits something amazing always happens. It might be a recipe we’re proud of, an invite from an admired peer—or like this last week—an opportunity to partner with a company we love, and all of a sudden our passion and energy is renewed and we are encouraged to press on.\n</p>', 'center', 'double', 'double', NULL, NULL, NULL, NULL, NULL, NULL, NULL, NULL, NULL, NULL, NULL, NULL, '2015-09-28 05:27:24', '2015-10-08 05:15:58', '581b2110-8748-4479-8418-a70da47f0de6');
INSERT INTO `tmp_matrixcontent_postbuilder` (`id`, `elementId`, `locale`, `field_textBlock_text`, `field_textBlock_position`, `field_textBlock_paddingTop`, `field_textBlock_paddingBottom`, `field_photos_paddingTop`, `field_photos_paddingBottom`, `field_photos_photoWidth`, `field_recipe_ingredientsList`, `field_callout_text`, `field_callout_cite`, `field_callout_textColor`, `field_callout_paddingTop`, `field_callout_paddingBottom`, `field_recipe_method`, `field_recipe_servings`, `field_photos_mobileStack`, `dateCreated`, `dateUpdated`, `uid`) VALUES ('17', '43', 'en_us', NULL, NULL, NULL, NULL, 'none', 'normal', 'slim', NULL, NULL, NULL, NULL, NULL, NULL, NULL, NULL, '', '2015-09-28 05:27:24', '2015-10-08 05:15:58', 'a79daca7-a34b-4984-92f3-dc909f3f7621');



DROP TABLE IF EXISTS `tmp_migrations`;


--
-- Schema for table `tmp_migrations`
--
CREATE TABLE `tmp_migrations` (
  `id` int(11) NOT NULL AUTO_INCREMENT,
  `pluginId` int(11) DEFAULT NULL,
  `version` varchar(255) COLLATE utf8_unicode_ci NOT NULL,
  `applyTime` datetime NOT NULL,
  `dateCreated` datetime NOT NULL,
  `dateUpdated` datetime NOT NULL,
  `uid` char(36) COLLATE utf8_unicode_ci NOT NULL DEFAULT '0',
  PRIMARY KEY (`id`),
  UNIQUE KEY `tmp_migrations_version_unq_idx` (`version`),
  KEY `tmp_migrations_pluginId_fk` (`pluginId`)
) ENGINE=InnoDB AUTO_INCREMENT=16 DEFAULT CHARSET=utf8 COLLATE=utf8_unicode_ci;

--
-- Data for table `tmp_migrations`
--

INSERT INTO `tmp_migrations` (`id`, `pluginId`, `version`, `applyTime`, `dateCreated`, `dateUpdated`, `uid`) VALUES ('1', NULL, 'm000000_000000_base', '2015-09-01 17:29:48', '2015-09-01 17:29:48', '2015-09-01 17:29:48', '8370fb26-85a4-4fd8-86e8-09e5c1799619');
INSERT INTO `tmp_migrations` (`id`, `pluginId`, `version`, `applyTime`, `dateCreated`, `dateUpdated`, `uid`) VALUES ('2', NULL, 'm140730_000001_add_filename_and_format_to_transformindex', '2015-09-01 17:29:48', '2015-09-01 17:29:48', '2015-09-01 17:29:48', '818bb885-1cb5-4205-8a91-746331e99e8c');
INSERT INTO `tmp_migrations` (`id`, `pluginId`, `version`, `applyTime`, `dateCreated`, `dateUpdated`, `uid`) VALUES ('3', NULL, 'm140815_000001_add_format_to_transforms', '2015-09-01 17:29:48', '2015-09-01 17:29:48', '2015-09-01 17:29:48', '3191870d-d0cb-4099-9bc4-a87dfeb64727');
INSERT INTO `tmp_migrations` (`id`, `pluginId`, `version`, `applyTime`, `dateCreated`, `dateUpdated`, `uid`) VALUES ('4', NULL, 'm140822_000001_allow_more_than_128_items_per_field', '2015-09-01 17:29:48', '2015-09-01 17:29:48', '2015-09-01 17:29:48', '23fd9438-db57-4c7d-a44c-5d2459fc14f1');
INSERT INTO `tmp_migrations` (`id`, `pluginId`, `version`, `applyTime`, `dateCreated`, `dateUpdated`, `uid`) VALUES ('5', NULL, 'm140829_000001_single_title_formats', '2015-09-01 17:29:48', '2015-09-01 17:29:48', '2015-09-01 17:29:48', 'da439d12-a8de-494d-8a5a-523b9888c4cb');
INSERT INTO `tmp_migrations` (`id`, `pluginId`, `version`, `applyTime`, `dateCreated`, `dateUpdated`, `uid`) VALUES ('6', NULL, 'm140831_000001_extended_cache_keys', '2015-09-01 17:29:48', '2015-09-01 17:29:48', '2015-09-01 17:29:48', 'bff57e3b-2b2d-4c74-91e5-5abb98792595');
INSERT INTO `tmp_migrations` (`id`, `pluginId`, `version`, `applyTime`, `dateCreated`, `dateUpdated`, `uid`) VALUES ('7', NULL, 'm140922_000001_delete_orphaned_matrix_blocks', '2015-09-01 17:29:48', '2015-09-01 17:29:48', '2015-09-01 17:29:48', '9163c39c-d9f5-4d51-925e-2eb71fc0b94a');
INSERT INTO `tmp_migrations` (`id`, `pluginId`, `version`, `applyTime`, `dateCreated`, `dateUpdated`, `uid`) VALUES ('8', NULL, 'm141008_000001_elements_index_tune', '2015-09-01 17:29:48', '2015-09-01 17:29:48', '2015-09-01 17:29:48', '989f4c41-39b2-4481-9521-c81bd9f49485');
INSERT INTO `tmp_migrations` (`id`, `pluginId`, `version`, `applyTime`, `dateCreated`, `dateUpdated`, `uid`) VALUES ('9', NULL, 'm141009_000001_assets_source_handle', '2015-09-01 17:29:48', '2015-09-01 17:29:48', '2015-09-01 17:29:48', 'b56e0334-5cf9-443f-98a0-9fdca6a6dfd4');
INSERT INTO `tmp_migrations` (`id`, `pluginId`, `version`, `applyTime`, `dateCreated`, `dateUpdated`, `uid`) VALUES ('10', NULL, 'm141024_000001_field_layout_tabs', '2015-09-01 17:29:48', '2015-09-01 17:29:48', '2015-09-01 17:29:48', 'f073db66-c1b8-4f07-834d-8e14d1f46e11');
INSERT INTO `tmp_migrations` (`id`, `pluginId`, `version`, `applyTime`, `dateCreated`, `dateUpdated`, `uid`) VALUES ('11', NULL, 'm141030_000001_drop_structure_move_permission', '2015-09-01 17:29:48', '2015-09-01 17:29:48', '2015-09-01 17:29:48', '691631e6-082b-4249-a1bf-02802a6e6b14');
INSERT INTO `tmp_migrations` (`id`, `pluginId`, `version`, `applyTime`, `dateCreated`, `dateUpdated`, `uid`) VALUES ('12', NULL, 'm141103_000001_tag_titles', '2015-09-01 17:29:48', '2015-09-01 17:29:48', '2015-09-01 17:29:48', '30bda49d-386e-47c2-8180-007380c88e1d');
INSERT INTO `tmp_migrations` (`id`, `pluginId`, `version`, `applyTime`, `dateCreated`, `dateUpdated`, `uid`) VALUES ('13', NULL, 'm141109_000001_user_status_shuffle', '2015-09-01 17:29:48', '2015-09-01 17:29:48', '2015-09-01 17:29:48', 'e11cd683-ac0d-4064-87e6-24417a9d8742');
INSERT INTO `tmp_migrations` (`id`, `pluginId`, `version`, `applyTime`, `dateCreated`, `dateUpdated`, `uid`) VALUES ('14', NULL, 'm141126_000001_user_week_start_day', '2015-09-01 17:29:48', '2015-09-01 17:29:48', '2015-09-01 17:29:48', 'ac2cfe04-82f6-409d-b5b6-03c136134337');
INSERT INTO `tmp_migrations` (`id`, `pluginId`, `version`, `applyTime`, `dateCreated`, `dateUpdated`, `uid`) VALUES ('15', NULL, 'm150210_000001_adjust_user_photo_size', '2015-09-01 17:29:48', '2015-09-01 17:29:48', '2015-09-01 17:29:48', '53bf08f3-a21b-442e-b822-37979d51e768');



DROP TABLE IF EXISTS `tmp_plugins`;


--
-- Schema for table `tmp_plugins`
--
CREATE TABLE `tmp_plugins` (
  `id` int(11) NOT NULL AUTO_INCREMENT,
  `class` varchar(150) COLLATE utf8_unicode_ci NOT NULL,
  `version` char(15) COLLATE utf8_unicode_ci NOT NULL,
  `enabled` tinyint(1) unsigned NOT NULL DEFAULT '0',
  `settings` text COLLATE utf8_unicode_ci,
  `installDate` datetime NOT NULL,
  `dateCreated` datetime NOT NULL,
  `dateUpdated` datetime NOT NULL,
  `uid` char(36) COLLATE utf8_unicode_ci NOT NULL DEFAULT '0',
  PRIMARY KEY (`id`)
) ENGINE=InnoDB AUTO_INCREMENT=3 DEFAULT CHARSET=utf8 COLLATE=utf8_unicode_ci;

--
-- Data for table `tmp_plugins`
--

INSERT INTO `tmp_plugins` (`id`, `class`, `version`, `enabled`, `settings`, `installDate`, `dateCreated`, `dateUpdated`, `uid`) VALUES ('1', 'Linkit', '0.9.1', '1', NULL, '2015-09-01 17:40:08', '2015-09-01 17:40:08', '2015-09-01 17:40:08', '9d2a0fd4-daeb-4995-9d4c-f6edc8dcb3c9');
INSERT INTO `tmp_plugins` (`id`, `class`, `version`, `enabled`, `settings`, `installDate`, `dateCreated`, `dateUpdated`, `uid`) VALUES ('2', 'ContactForm', '1.4', '1', '{\"toEmail\":\"scot.mortimer@gmail.com\",\"prependSender\":\"On behalf of\",\"prependSubject\":\"TMP Contact \\/ \",\"allowAttachments\":\"\",\"honeypotField\":\"recipes\"}', '2015-09-01 17:44:09', '2015-09-01 17:44:09', '2015-10-06 23:18:58', 'f214a1a8-5494-4f03-af8a-5d71d4f97084');



DROP TABLE IF EXISTS `tmp_rackspaceaccess`;


--
-- Schema for table `tmp_rackspaceaccess`
--
CREATE TABLE `tmp_rackspaceaccess` (
  `id` int(11) NOT NULL AUTO_INCREMENT,
  `connectionKey` varchar(255) COLLATE utf8_unicode_ci NOT NULL,
  `token` varchar(255) COLLATE utf8_unicode_ci NOT NULL,
  `storageUrl` varchar(255) COLLATE utf8_unicode_ci NOT NULL,
  `cdnUrl` varchar(255) COLLATE utf8_unicode_ci NOT NULL,
  `dateCreated` datetime NOT NULL,
  `dateUpdated` datetime NOT NULL,
  `uid` char(36) COLLATE utf8_unicode_ci NOT NULL DEFAULT '0',
  PRIMARY KEY (`id`),
  UNIQUE KEY `tmp_rackspaceaccess_connectionKey_unq_idx` (`connectionKey`)
) ENGINE=InnoDB DEFAULT CHARSET=utf8 COLLATE=utf8_unicode_ci;

DROP TABLE IF EXISTS `tmp_relations`;


--
-- Schema for table `tmp_relations`
--
CREATE TABLE `tmp_relations` (
  `id` int(11) NOT NULL AUTO_INCREMENT,
  `fieldId` int(11) NOT NULL,
  `sourceId` int(11) NOT NULL,
  `sourceLocale` char(12) COLLATE utf8_unicode_ci DEFAULT NULL,
  `targetId` int(11) NOT NULL,
  `sortOrder` smallint(6) DEFAULT NULL,
  `dateCreated` datetime NOT NULL,
  `dateUpdated` datetime NOT NULL,
  `uid` char(36) COLLATE utf8_unicode_ci NOT NULL DEFAULT '0',
  PRIMARY KEY (`id`),
  UNIQUE KEY `tmp_relations_fieldId_sourceId_sourceLocale_targetId_unq_idx` (`fieldId`,`sourceId`,`sourceLocale`,`targetId`),
  KEY `tmp_relations_sourceId_fk` (`sourceId`),
  KEY `tmp_relations_sourceLocale_fk` (`sourceLocale`),
  KEY `tmp_relations_targetId_fk` (`targetId`)
) ENGINE=InnoDB AUTO_INCREMENT=477 DEFAULT CHARSET=utf8 COLLATE=utf8_unicode_ci;

--
-- Data for table `tmp_relations`
--

INSERT INTO `tmp_relations` (`id`, `fieldId`, `sourceId`, `sourceLocale`, `targetId`, `sortOrder`, `dateCreated`, `dateUpdated`, `uid`) VALUES ('270', '5', '31', NULL, '33', '1', '2015-09-26 04:36:50', '2015-09-26 04:36:50', '53692950-f8c1-4266-8112-00592b082046');
INSERT INTO `tmp_relations` (`id`, `fieldId`, `sourceId`, `sourceLocale`, `targetId`, `sortOrder`, `dateCreated`, `dateUpdated`, `uid`) VALUES ('338', '36', '60', NULL, '6', '1', '2015-10-05 04:05:29', '2015-10-05 04:05:29', '4bf96698-7bc6-46b7-8795-fe358db0025d');
INSERT INTO `tmp_relations` (`id`, `fieldId`, `sourceId`, `sourceLocale`, `targetId`, `sortOrder`, `dateCreated`, `dateUpdated`, `uid`) VALUES ('339', '36', '60', NULL, '41', '2', '2015-10-05 04:05:29', '2015-10-05 04:05:29', '9efc7d6d-7287-4ac4-9a2d-f7da4c552876');
INSERT INTO `tmp_relations` (`id`, `fieldId`, `sourceId`, `sourceLocale`, `targetId`, `sortOrder`, `dateCreated`, `dateUpdated`, `uid`) VALUES ('340', '36', '60', NULL, '5', '3', '2015-10-05 04:05:29', '2015-10-05 04:05:29', '55637da7-bd68-4ea2-a010-97923401ab9e');
INSERT INTO `tmp_relations` (`id`, `fieldId`, `sourceId`, `sourceLocale`, `targetId`, `sortOrder`, `dateCreated`, `dateUpdated`, `uid`) VALUES ('341', '36', '60', NULL, '3', '4', '2015-10-05 04:05:29', '2015-10-05 04:05:29', 'cadbef49-6388-4367-a16e-0521477e2b85');
INSERT INTO `tmp_relations` (`id`, `fieldId`, `sourceId`, `sourceLocale`, `targetId`, `sortOrder`, `dateCreated`, `dateUpdated`, `uid`) VALUES ('390', '39', '6', NULL, '53', '1', '2015-10-08 04:08:08', '2015-10-08 04:08:08', '17818334-f80e-4882-892a-92ce768bed28');
INSERT INTO `tmp_relations` (`id`, `fieldId`, `sourceId`, `sourceLocale`, `targetId`, `sortOrder`, `dateCreated`, `dateUpdated`, `uid`) VALUES ('396', '39', '5', NULL, '53', '1', '2015-10-08 05:03:21', '2015-10-08 05:03:21', '3b259be6-2398-4f67-8f0d-cae8dea89b9b');
INSERT INTO `tmp_relations` (`id`, `fieldId`, `sourceId`, `sourceLocale`, `targetId`, `sortOrder`, `dateCreated`, `dateUpdated`, `uid`) VALUES ('397', '5', '41', NULL, '40', '1', '2015-10-08 05:15:58', '2015-10-08 05:15:58', '94183796-7310-4b3c-b077-76b33f6842cf');
INSERT INTO `tmp_relations` (`id`, `fieldId`, `sourceId`, `sourceLocale`, `targetId`, `sortOrder`, `dateCreated`, `dateUpdated`, `uid`) VALUES ('398', '11', '43', NULL, '40', '1', '2015-10-08 05:15:58', '2015-10-08 05:15:58', '9040fe7e-cd58-4084-ba47-2c3ec5cba44a');
INSERT INTO `tmp_relations` (`id`, `fieldId`, `sourceId`, `sourceLocale`, `targetId`, `sortOrder`, `dateCreated`, `dateUpdated`, `uid`) VALUES ('399', '38', '41', NULL, '53', '1', '2015-10-08 05:15:58', '2015-10-08 05:15:58', '67552b83-ecec-44c3-9212-20da49633a8e');
INSERT INTO `tmp_relations` (`id`, `fieldId`, `sourceId`, `sourceLocale`, `targetId`, `sortOrder`, `dateCreated`, `dateUpdated`, `uid`) VALUES ('400', '38', '41', NULL, '54', '2', '2015-10-08 05:15:58', '2015-10-08 05:15:58', 'c27df428-341c-4623-97cd-49365848c9fd');
INSERT INTO `tmp_relations` (`id`, `fieldId`, `sourceId`, `sourceLocale`, `targetId`, `sortOrder`, `dateCreated`, `dateUpdated`, `uid`) VALUES ('413', '5', '5', NULL, '4', '1', '2015-10-08 05:16:36', '2015-10-08 05:16:36', '65410d0c-1c7c-4199-bc9d-fb6c76e87a11');
INSERT INTO `tmp_relations` (`id`, `fieldId`, `sourceId`, `sourceLocale`, `targetId`, `sortOrder`, `dateCreated`, `dateUpdated`, `uid`) VALUES ('414', '38', '5', NULL, '53', '1', '2015-10-08 05:16:36', '2015-10-08 05:16:36', '038318c5-f01a-4626-a177-caf563a1564a');
INSERT INTO `tmp_relations` (`id`, `fieldId`, `sourceId`, `sourceLocale`, `targetId`, `sortOrder`, `dateCreated`, `dateUpdated`, `uid`) VALUES ('415', '38', '5', NULL, '54', '2', '2015-10-08 05:16:36', '2015-10-08 05:16:36', '3809264c-547d-4473-bf0a-a6ead273033f');
INSERT INTO `tmp_relations` (`id`, `fieldId`, `sourceId`, `sourceLocale`, `targetId`, `sortOrder`, `dateCreated`, `dateUpdated`, `uid`) VALUES ('419', '29', '34', NULL, '12', '1', '2015-10-08 19:35:02', '2015-10-08 19:35:02', 'b176b39b-fcd6-466b-b41f-5132e504411c');
INSERT INTO `tmp_relations` (`id`, `fieldId`, `sourceId`, `sourceLocale`, `targetId`, `sortOrder`, `dateCreated`, `dateUpdated`, `uid`) VALUES ('420', '29', '34', NULL, '14', '2', '2015-10-08 19:35:02', '2015-10-08 19:35:02', '0f432dab-9c4a-4224-bd3a-432bedd3d3ec');
INSERT INTO `tmp_relations` (`id`, `fieldId`, `sourceId`, `sourceLocale`, `targetId`, `sortOrder`, `dateCreated`, `dateUpdated`, `uid`) VALUES ('421', '35', '46', NULL, '6', '1', '2015-10-08 19:55:24', '2015-10-08 19:55:24', '995ebd0f-f554-45fe-a3d7-627eea46e906');
INSERT INTO `tmp_relations` (`id`, `fieldId`, `sourceId`, `sourceLocale`, `targetId`, `sortOrder`, `dateCreated`, `dateUpdated`, `uid`) VALUES ('422', '35', '46', NULL, '5', '2', '2015-10-08 19:55:24', '2015-10-08 19:55:24', '90026479-e1c8-4455-ba67-08cd988c6fd7');
INSERT INTO `tmp_relations` (`id`, `fieldId`, `sourceId`, `sourceLocale`, `targetId`, `sortOrder`, `dateCreated`, `dateUpdated`, `uid`) VALUES ('429', '40', '65', NULL, '67', '1', '2015-10-08 22:11:46', '2015-10-08 22:11:46', '8d172727-0d36-45d4-ba98-e9c8680e7f08');
INSERT INTO `tmp_relations` (`id`, `fieldId`, `sourceId`, `sourceLocale`, `targetId`, `sortOrder`, `dateCreated`, `dateUpdated`, `uid`) VALUES ('458', '44', '74', NULL, '70', '1', '2015-10-08 23:29:55', '2015-10-08 23:29:55', '3ce7e692-147b-42a1-90f0-83034ed1b8f3');
INSERT INTO `tmp_relations` (`id`, `fieldId`, `sourceId`, `sourceLocale`, `targetId`, `sortOrder`, `dateCreated`, `dateUpdated`, `uid`) VALUES ('459', '44', '75', NULL, '73', '1', '2015-10-08 23:29:56', '2015-10-08 23:29:56', 'ecb9fca6-e78b-49ce-bb44-eb7539de9dbc');
INSERT INTO `tmp_relations` (`id`, `fieldId`, `sourceId`, `sourceLocale`, `targetId`, `sortOrder`, `dateCreated`, `dateUpdated`, `uid`) VALUES ('460', '44', '76', NULL, '72', '1', '2015-10-08 23:29:56', '2015-10-08 23:29:56', 'd10a52bd-bdc4-449b-a55b-64747a8a1156');
INSERT INTO `tmp_relations` (`id`, `fieldId`, `sourceId`, `sourceLocale`, `targetId`, `sortOrder`, `dateCreated`, `dateUpdated`, `uid`) VALUES ('461', '44', '77', NULL, '71', '1', '2015-10-08 23:29:56', '2015-10-08 23:29:56', 'bf75c159-9852-42df-88c2-d24f53859569');
INSERT INTO `tmp_relations` (`id`, `fieldId`, `sourceId`, `sourceLocale`, `targetId`, `sortOrder`, `dateCreated`, `dateUpdated`, `uid`) VALUES ('462', '16', '6', NULL, '45', '1', '2015-10-09 01:06:05', '2015-10-09 01:06:05', '4144113f-1954-4311-b772-c450e22a1f6f');
INSERT INTO `tmp_relations` (`id`, `fieldId`, `sourceId`, `sourceLocale`, `targetId`, `sortOrder`, `dateCreated`, `dateUpdated`, `uid`) VALUES ('463', '5', '6', NULL, '19', '1', '2015-10-09 01:06:05', '2015-10-09 01:06:05', '652a6366-6def-4132-938b-1da59d0bc5d0');
INSERT INTO `tmp_relations` (`id`, `fieldId`, `sourceId`, `sourceLocale`, `targetId`, `sortOrder`, `dateCreated`, `dateUpdated`, `uid`) VALUES ('464', '11', '13', NULL, '20', '1', '2015-10-09 01:06:05', '2015-10-09 01:06:05', 'b64b7c00-64e9-4363-9f5d-a1121ac5e963');
INSERT INTO `tmp_relations` (`id`, `fieldId`, `sourceId`, `sourceLocale`, `targetId`, `sortOrder`, `dateCreated`, `dateUpdated`, `uid`) VALUES ('465', '11', '13', NULL, '21', '2', '2015-10-09 01:06:05', '2015-10-09 01:06:05', '98738a5e-baa1-4304-9fcc-dc0e7de4c30b');
INSERT INTO `tmp_relations` (`id`, `fieldId`, `sourceId`, `sourceLocale`, `targetId`, `sortOrder`, `dateCreated`, `dateUpdated`, `uid`) VALUES ('466', '11', '15', NULL, '22', '1', '2015-10-09 01:06:05', '2015-10-09 01:06:05', '27eff412-4662-4c4d-95ca-d727af7c09ff');
INSERT INTO `tmp_relations` (`id`, `fieldId`, `sourceId`, `sourceLocale`, `targetId`, `sortOrder`, `dateCreated`, `dateUpdated`, `uid`) VALUES ('467', '11', '15', NULL, '23', '2', '2015-10-09 01:06:05', '2015-10-09 01:06:05', '29c32c51-8fc6-4481-ade6-847aff357db4');
INSERT INTO `tmp_relations` (`id`, `fieldId`, `sourceId`, `sourceLocale`, `targetId`, `sortOrder`, `dateCreated`, `dateUpdated`, `uid`) VALUES ('468', '11', '28', NULL, '24', '1', '2015-10-09 01:06:05', '2015-10-09 01:06:05', '8e7cf630-ffa9-40b3-a90b-96503711a0b9');
INSERT INTO `tmp_relations` (`id`, `fieldId`, `sourceId`, `sourceLocale`, `targetId`, `sortOrder`, `dateCreated`, `dateUpdated`, `uid`) VALUES ('469', '11', '30', NULL, '25', '1', '2015-10-09 01:06:05', '2015-10-09 01:06:05', '3e089e47-c8a1-4285-b86a-f2ed1df2101a');
INSERT INTO `tmp_relations` (`id`, `fieldId`, `sourceId`, `sourceLocale`, `targetId`, `sortOrder`, `dateCreated`, `dateUpdated`, `uid`) VALUES ('470', '38', '6', NULL, '52', '1', '2015-10-09 01:06:05', '2015-10-09 01:06:05', '6520b302-441f-4384-a41c-0df4b387b29a');
INSERT INTO `tmp_relations` (`id`, `fieldId`, `sourceId`, `sourceLocale`, `targetId`, `sortOrder`, `dateCreated`, `dateUpdated`, `uid`) VALUES ('471', '38', '6', NULL, '49', '2', '2015-10-09 01:06:05', '2015-10-09 01:06:05', '6f6ca2f4-8bba-46f3-9ee6-b1631a30c004');
INSERT INTO `tmp_relations` (`id`, `fieldId`, `sourceId`, `sourceLocale`, `targetId`, `sortOrder`, `dateCreated`, `dateUpdated`, `uid`) VALUES ('472', '38', '6', NULL, '53', '3', '2015-10-09 01:06:05', '2015-10-09 01:06:05', 'd98fe2b5-29c5-4cdb-8250-2459ce4ed1d1');
INSERT INTO `tmp_relations` (`id`, `fieldId`, `sourceId`, `sourceLocale`, `targetId`, `sortOrder`, `dateCreated`, `dateUpdated`, `uid`) VALUES ('473', '38', '6', NULL, '54', '4', '2015-10-09 01:06:05', '2015-10-09 01:06:05', 'e825c83a-7661-4f0d-b870-bd0dd7b8c8e4');
INSERT INTO `tmp_relations` (`id`, `fieldId`, `sourceId`, `sourceLocale`, `targetId`, `sortOrder`, `dateCreated`, `dateUpdated`, `uid`) VALUES ('474', '5', '3', NULL, '4', '1', '2015-10-09 01:06:20', '2015-10-09 01:06:20', 'd3f6ab00-86df-4018-aced-dec45f745208');
INSERT INTO `tmp_relations` (`id`, `fieldId`, `sourceId`, `sourceLocale`, `targetId`, `sortOrder`, `dateCreated`, `dateUpdated`, `uid`) VALUES ('475', '38', '3', NULL, '52', '1', '2015-10-09 01:06:20', '2015-10-09 01:06:20', 'c4d94593-f21e-40c8-923a-fe1ff914e511');
INSERT INTO `tmp_relations` (`id`, `fieldId`, `sourceId`, `sourceLocale`, `targetId`, `sortOrder`, `dateCreated`, `dateUpdated`, `uid`) VALUES ('476', '38', '3', NULL, '49', '2', '2015-10-09 01:06:20', '2015-10-09 01:06:20', 'bd06cfb3-c992-4ac8-94f0-b759d2d59263');



DROP TABLE IF EXISTS `tmp_routes`;


--
-- Schema for table `tmp_routes`
--
CREATE TABLE `tmp_routes` (
  `id` int(11) NOT NULL AUTO_INCREMENT,
  `locale` char(12) COLLATE utf8_unicode_ci DEFAULT NULL,
  `urlParts` varchar(255) COLLATE utf8_unicode_ci NOT NULL,
  `urlPattern` varchar(255) COLLATE utf8_unicode_ci NOT NULL,
  `template` varchar(255) COLLATE utf8_unicode_ci NOT NULL,
  `sortOrder` tinyint(4) DEFAULT NULL,
  `dateCreated` datetime NOT NULL,
  `dateUpdated` datetime NOT NULL,
  `uid` char(36) COLLATE utf8_unicode_ci NOT NULL DEFAULT '0',
  PRIMARY KEY (`id`),
  UNIQUE KEY `tmp_routes_urlPattern_unq_idx` (`urlPattern`),
  KEY `tmp_routes_locale_idx` (`locale`)
) ENGINE=InnoDB DEFAULT CHARSET=utf8 COLLATE=utf8_unicode_ci;

DROP TABLE IF EXISTS `tmp_searchindex`;


--
-- Schema for table `tmp_searchindex`
--
CREATE TABLE `tmp_searchindex` (
  `elementId` int(11) NOT NULL,
  `attribute` varchar(25) COLLATE utf8_unicode_ci NOT NULL,
  `fieldId` int(11) NOT NULL,
  `locale` char(12) COLLATE utf8_unicode_ci NOT NULL,
  `keywords` text COLLATE utf8_unicode_ci NOT NULL,
  PRIMARY KEY (`elementId`,`attribute`,`fieldId`,`locale`),
  FULLTEXT KEY `tmp_searchindex_keywords_idx` (`keywords`)
) ENGINE=MyISAM DEFAULT CHARSET=utf8 COLLATE=utf8_unicode_ci;

--
-- Data for table `tmp_searchindex`
--

INSERT INTO `tmp_searchindex` (`elementId`, `attribute`, `fieldId`, `locale`, `keywords`) VALUES ('1', 'username', '0', 'en_us', ' admin ');
INSERT INTO `tmp_searchindex` (`elementId`, `attribute`, `fieldId`, `locale`, `keywords`) VALUES ('1', 'firstname', '0', 'en_us', '');
INSERT INTO `tmp_searchindex` (`elementId`, `attribute`, `fieldId`, `locale`, `keywords`) VALUES ('1', 'lastname', '0', 'en_us', '');
INSERT INTO `tmp_searchindex` (`elementId`, `attribute`, `fieldId`, `locale`, `keywords`) VALUES ('1', 'fullname', '0', 'en_us', '');
INSERT INTO `tmp_searchindex` (`elementId`, `attribute`, `fieldId`, `locale`, `keywords`) VALUES ('1', 'email', '0', 'en_us', ' scot mortimer gmail com ');
INSERT INTO `tmp_searchindex` (`elementId`, `attribute`, `fieldId`, `locale`, `keywords`) VALUES ('1', 'slug', '0', 'en_us', '');
INSERT INTO `tmp_searchindex` (`elementId`, `attribute`, `fieldId`, `locale`, `keywords`) VALUES ('2', 'slug', '0', 'en_us', ' homepage ');
INSERT INTO `tmp_searchindex` (`elementId`, `attribute`, `fieldId`, `locale`, `keywords`) VALUES ('2', 'title', '0', 'en_us', ' home ');
INSERT INTO `tmp_searchindex` (`elementId`, `attribute`, `fieldId`, `locale`, `keywords`) VALUES ('2', 'field', '1', 'en_us', ' it s true this site doesn t have a whole lot of content yet but don t worry our web developers have just installed the cms and they re setting things up for the content editors this very moment soon tmp craft dev will be an oasis of fresh perspectives sharp analyses and astute opinions that will keep you coming back again and again ');
INSERT INTO `tmp_searchindex` (`elementId`, `attribute`, `fieldId`, `locale`, `keywords`) VALUES ('31', 'field', '5', 'en_us', ' about test ');
INSERT INTO `tmp_searchindex` (`elementId`, `attribute`, `fieldId`, `locale`, `keywords`) VALUES ('3', 'field', '1', 'en_us', ' craft is the cms that s powering tmp craft dev it s beautiful powerful flexible and easy to use and it s made by pixel tonic we can t wait to dive in and see what it s capable of this is even more captivating content which you couldn t see on the news index page because it was entered after a page break and the news index template only likes to show the content on the first page craft a nice alternative to word if you re making a website ');
INSERT INTO `tmp_searchindex` (`elementId`, `attribute`, `fieldId`, `locale`, `keywords`) VALUES ('3', 'field', '2', 'en_us', '');
INSERT INTO `tmp_searchindex` (`elementId`, `attribute`, `fieldId`, `locale`, `keywords`) VALUES ('3', 'slug', '0', 'en_us', ' we just installed craft ');
INSERT INTO `tmp_searchindex` (`elementId`, `attribute`, `fieldId`, `locale`, `keywords`) VALUES ('3', 'title', '0', 'en_us', ' super cool blog post title here ');
INSERT INTO `tmp_searchindex` (`elementId`, `attribute`, `fieldId`, `locale`, `keywords`) VALUES ('4', 'filename', '0', 'en_us', ' test image jpg ');
INSERT INTO `tmp_searchindex` (`elementId`, `attribute`, `fieldId`, `locale`, `keywords`) VALUES ('4', 'extension', '0', 'en_us', ' jpg ');
INSERT INTO `tmp_searchindex` (`elementId`, `attribute`, `fieldId`, `locale`, `keywords`) VALUES ('4', 'kind', '0', 'en_us', ' image ');
INSERT INTO `tmp_searchindex` (`elementId`, `attribute`, `fieldId`, `locale`, `keywords`) VALUES ('4', 'slug', '0', 'en_us', '');
INSERT INTO `tmp_searchindex` (`elementId`, `attribute`, `fieldId`, `locale`, `keywords`) VALUES ('4', 'title', '0', 'en_us', ' test image ');
INSERT INTO `tmp_searchindex` (`elementId`, `attribute`, `fieldId`, `locale`, `keywords`) VALUES ('3', 'field', '4', 'en_us', ' unam incolunt belgae aliam aquitani tertiam nihilne te nocturnum praesidium palati nihil urbis vigiliae vivamus sagittis lacus vel augue laoreet rutrum faucibus unam incolunt belgae aliam aqui ');
INSERT INTO `tmp_searchindex` (`elementId`, `attribute`, `fieldId`, `locale`, `keywords`) VALUES ('3', 'field', '5', 'en_us', ' test image ');
INSERT INTO `tmp_searchindex` (`elementId`, `attribute`, `fieldId`, `locale`, `keywords`) VALUES ('5', 'field', '4', 'en_us', ' unam incolunt belgae aliam aquitani tertiam nihilne te nocturnum praesidium palati nihil urbis vigiliae vivamus sagittis lacus vel augue laoreet rutrum faucibus ullamco laboris nisi apple ');
INSERT INTO `tmp_searchindex` (`elementId`, `attribute`, `fieldId`, `locale`, `keywords`) VALUES ('5', 'field', '5', 'en_us', ' test image ');
INSERT INTO `tmp_searchindex` (`elementId`, `attribute`, `fieldId`, `locale`, `keywords`) VALUES ('5', 'slug', '0', 'en_us', ' great title for a blog post ');
INSERT INTO `tmp_searchindex` (`elementId`, `attribute`, `fieldId`, `locale`, `keywords`) VALUES ('5', 'title', '0', 'en_us', ' great title for a blog post ');
INSERT INTO `tmp_searchindex` (`elementId`, `attribute`, `fieldId`, `locale`, `keywords`) VALUES ('6', 'field', '4', 'en_us', ' tomorrow is the first day of fall and this delicious skillet full of sweet apple goodness will match the crisp cool air perfectly it s easy as pie and just as wonderful ');
INSERT INTO `tmp_searchindex` (`elementId`, `attribute`, `fieldId`, `locale`, `keywords`) VALUES ('6', 'field', '5', 'en_us', ' test image1 ');
INSERT INTO `tmp_searchindex` (`elementId`, `attribute`, `fieldId`, `locale`, `keywords`) VALUES ('6', 'slug', '0', 'en_us', ' skillet caramel apple crisp ');
INSERT INTO `tmp_searchindex` (`elementId`, `attribute`, `fieldId`, `locale`, `keywords`) VALUES ('6', 'title', '0', 'en_us', ' skillet caramel apple crisp ');
INSERT INTO `tmp_searchindex` (`elementId`, `attribute`, `fieldId`, `locale`, `keywords`) VALUES ('6', 'field', '6', 'en_us', ' double double center tomorrow is the first day of fall and although we ve had a few days that feel crisp and cool this northwest weather is taking its sweet time to change we don t mind a few more days of sunshine and you ll never catch us complaining about a perfect 66 degree day but we are definitely looking forward to nights around the table full of friends and comfort foods crusty bread and soup backyard camp fires and toasted marshmallows but because this weather is being so reluctant we are easing into fall slowly now that school has started and we ve shared our school lunch ideas with you in our last post it s time to talk apples the quintessential fruit of autumn normal none it s caramely and crispy and is baked just long enough for the apples to keep some of their bite and a subtle tartness red test image2 test image3 double normal wide stack normal normal center this last weekend i holly got to spend some time in seattle attending the international food bloggers convention which is always a good time this year i got invited to a dinner put on by stemilt the nation s leading supplier of tree fruit including wholesome apples pears cherries and summer fruits they know a thing or two about delicious apples and how to incorporate them into everyday dishes i was honored to share a table with them the dinner was perfectly executed by seattle s own chef erika burke and unique varieties of stemilt fruit were the shining star of each of the courses the night ended with stemilt s own pinata apple hand pie served with brown butter ice cream which tasted like all things fall wrapped up in one dessert as the evening died down and it came time to leave i couldn t help myself and grabbed a second hand pie eating it on the drizzly walk to my car my sweater pockets were weighed down with handfuls of apples don t worry they offered them which i can t wait to use in my own kitchen test image4 test image5 normal double wide normal normal center craving that familiar fall feeling in our homes and around our tables with friends and family natalie and i met up last week to make this skillet apple crumble it s caramely and crispy and is baked just long enough for the apples to keep some of their bite and a subtle tartness i am looking forward to making it again soon using the pinata apples stimelt gave us as a parting gift from the dinner and will be sure to do my part to usher okay maybe force in this glorious season test image6 normal normal slim 5 cups apples peeled cored and sliced 5 cups apples peeled cored and sliced 1 1 3 cup brown sugar 1 1 3 cup brown sugar 1 1 2 tsp cinnamon 1 1 2 tsp cinnamon 3 tbsp butter 3 tbsp butter 1 3 cup melted butter 1 3 cup melted butter 1 cup flour 1 cup flour preheat oven to 375 in a medium sized mixing bowl coat apples with ⅓ cup brown sugar and tsp cinnamon thinly slice 3 tbsp of butter and layer in the bottom of a 12 inch cast iron skillet pour the apples over the butter in another mixing bowl combine remaining sugar cinnamon flour and melted butter until a fully incorporated using your fingers crumble over the top of the apples bake on the center rack for 1 hour or until bubbling i think it goes without saying this should be served with vanilla ice cream 5 test image7 normal normal normal ');
INSERT INTO `tmp_searchindex` (`elementId`, `attribute`, `fieldId`, `locale`, `keywords`) VALUES ('6', 'field', '16', 'en_us', ' skillet caramel apple crisp ');
INSERT INTO `tmp_searchindex` (`elementId`, `attribute`, `fieldId`, `locale`, `keywords`) VALUES ('8', 'field', '7', 'en_us', ' tomorrow is the first day of fall and although we ve had a few days that feel crisp and cool this northwest weather is taking its sweet time to change we don t mind a few more days of sunshine and you ll never catch us complaining about a perfect 66 degree day but we are definitely looking forward to nights around the table full of friends and comfort foods crusty bread and soup backyard camp fires and toasted marshmallows but because this weather is being so reluctant we are easing into fall slowly now that school has started and we ve shared our school lunch ideas with you in our last post it s time to talk apples the quintessential fruit of autumn ');
INSERT INTO `tmp_searchindex` (`elementId`, `attribute`, `fieldId`, `locale`, `keywords`) VALUES ('8', 'field', '8', 'en_us', ' center ');
INSERT INTO `tmp_searchindex` (`elementId`, `attribute`, `fieldId`, `locale`, `keywords`) VALUES ('8', 'field', '9', 'en_us', ' double ');
INSERT INTO `tmp_searchindex` (`elementId`, `attribute`, `fieldId`, `locale`, `keywords`) VALUES ('8', 'field', '10', 'en_us', ' double ');
INSERT INTO `tmp_searchindex` (`elementId`, `attribute`, `fieldId`, `locale`, `keywords`) VALUES ('8', 'slug', '0', 'en_us', '');
INSERT INTO `tmp_searchindex` (`elementId`, `attribute`, `fieldId`, `locale`, `keywords`) VALUES ('11', 'field', '7', 'en_us', ' this last weekend i holly got to spend some time in seattle attending the international food bloggers convention which is always a good time this year i got invited to a dinner put on by stemilt the nation s leading supplier of tree fruit including wholesome apples pears cherries and summer fruits they know a thing or two about delicious apples and how to incorporate them into everyday dishes i was honored to share a table with them the dinner was perfectly executed by seattle s own chef erika burke and unique varieties of stemilt fruit were the shining star of each of the courses the night ended with stemilt s own pinata apple hand pie served with brown butter ice cream which tasted like all things fall wrapped up in one dessert as the evening died down and it came time to leave i couldn t help myself and grabbed a second hand pie eating it on the drizzly walk to my car my sweater pockets were weighed down with handfuls of apples don t worry they offered them which i can t wait to use in my own kitchen ');
INSERT INTO `tmp_searchindex` (`elementId`, `attribute`, `fieldId`, `locale`, `keywords`) VALUES ('11', 'field', '8', 'en_us', ' center ');
INSERT INTO `tmp_searchindex` (`elementId`, `attribute`, `fieldId`, `locale`, `keywords`) VALUES ('11', 'field', '9', 'en_us', ' normal ');
INSERT INTO `tmp_searchindex` (`elementId`, `attribute`, `fieldId`, `locale`, `keywords`) VALUES ('11', 'field', '10', 'en_us', ' normal ');
INSERT INTO `tmp_searchindex` (`elementId`, `attribute`, `fieldId`, `locale`, `keywords`) VALUES ('11', 'slug', '0', 'en_us', '');
INSERT INTO `tmp_searchindex` (`elementId`, `attribute`, `fieldId`, `locale`, `keywords`) VALUES ('12', 'filename', '0', 'en_us', ' wide image test jpg ');
INSERT INTO `tmp_searchindex` (`elementId`, `attribute`, `fieldId`, `locale`, `keywords`) VALUES ('12', 'extension', '0', 'en_us', ' jpg ');
INSERT INTO `tmp_searchindex` (`elementId`, `attribute`, `fieldId`, `locale`, `keywords`) VALUES ('12', 'kind', '0', 'en_us', ' image ');
INSERT INTO `tmp_searchindex` (`elementId`, `attribute`, `fieldId`, `locale`, `keywords`) VALUES ('12', 'slug', '0', 'en_us', '');
INSERT INTO `tmp_searchindex` (`elementId`, `attribute`, `fieldId`, `locale`, `keywords`) VALUES ('12', 'title', '0', 'en_us', ' wide image test ');
INSERT INTO `tmp_searchindex` (`elementId`, `attribute`, `fieldId`, `locale`, `keywords`) VALUES ('13', 'field', '11', 'en_us', ' test image2 test image3 ');
INSERT INTO `tmp_searchindex` (`elementId`, `attribute`, `fieldId`, `locale`, `keywords`) VALUES ('13', 'field', '12', 'en_us', ' normal ');
INSERT INTO `tmp_searchindex` (`elementId`, `attribute`, `fieldId`, `locale`, `keywords`) VALUES ('13', 'field', '13', 'en_us', ' double ');
INSERT INTO `tmp_searchindex` (`elementId`, `attribute`, `fieldId`, `locale`, `keywords`) VALUES ('13', 'field', '14', 'en_us', ' wide ');
INSERT INTO `tmp_searchindex` (`elementId`, `attribute`, `fieldId`, `locale`, `keywords`) VALUES ('13', 'slug', '0', 'en_us', '');
INSERT INTO `tmp_searchindex` (`elementId`, `attribute`, `fieldId`, `locale`, `keywords`) VALUES ('14', 'filename', '0', 'en_us', ' wide image test 2 jpg ');
INSERT INTO `tmp_searchindex` (`elementId`, `attribute`, `fieldId`, `locale`, `keywords`) VALUES ('14', 'extension', '0', 'en_us', ' jpg ');
INSERT INTO `tmp_searchindex` (`elementId`, `attribute`, `fieldId`, `locale`, `keywords`) VALUES ('14', 'kind', '0', 'en_us', ' image ');
INSERT INTO `tmp_searchindex` (`elementId`, `attribute`, `fieldId`, `locale`, `keywords`) VALUES ('14', 'slug', '0', 'en_us', '');
INSERT INTO `tmp_searchindex` (`elementId`, `attribute`, `fieldId`, `locale`, `keywords`) VALUES ('14', 'title', '0', 'en_us', ' wide image test 2 ');
INSERT INTO `tmp_searchindex` (`elementId`, `attribute`, `fieldId`, `locale`, `keywords`) VALUES ('15', 'field', '11', 'en_us', ' test image4 test image5 ');
INSERT INTO `tmp_searchindex` (`elementId`, `attribute`, `fieldId`, `locale`, `keywords`) VALUES ('15', 'field', '12', 'en_us', ' double ');
INSERT INTO `tmp_searchindex` (`elementId`, `attribute`, `fieldId`, `locale`, `keywords`) VALUES ('15', 'field', '13', 'en_us', ' normal ');
INSERT INTO `tmp_searchindex` (`elementId`, `attribute`, `fieldId`, `locale`, `keywords`) VALUES ('15', 'field', '14', 'en_us', ' wide ');
INSERT INTO `tmp_searchindex` (`elementId`, `attribute`, `fieldId`, `locale`, `keywords`) VALUES ('15', 'slug', '0', 'en_us', '');
INSERT INTO `tmp_searchindex` (`elementId`, `attribute`, `fieldId`, `locale`, `keywords`) VALUES ('16', 'filename', '0', 'en_us', ' test image 2 jpg ');
INSERT INTO `tmp_searchindex` (`elementId`, `attribute`, `fieldId`, `locale`, `keywords`) VALUES ('16', 'extension', '0', 'en_us', ' jpg ');
INSERT INTO `tmp_searchindex` (`elementId`, `attribute`, `fieldId`, `locale`, `keywords`) VALUES ('16', 'kind', '0', 'en_us', ' image ');
INSERT INTO `tmp_searchindex` (`elementId`, `attribute`, `fieldId`, `locale`, `keywords`) VALUES ('16', 'slug', '0', 'en_us', '');
INSERT INTO `tmp_searchindex` (`elementId`, `attribute`, `fieldId`, `locale`, `keywords`) VALUES ('16', 'title', '0', 'en_us', ' test image 2 ');
INSERT INTO `tmp_searchindex` (`elementId`, `attribute`, `fieldId`, `locale`, `keywords`) VALUES ('19', 'filename', '0', 'en_us', ' test image1 jpg ');
INSERT INTO `tmp_searchindex` (`elementId`, `attribute`, `fieldId`, `locale`, `keywords`) VALUES ('19', 'extension', '0', 'en_us', ' jpg ');
INSERT INTO `tmp_searchindex` (`elementId`, `attribute`, `fieldId`, `locale`, `keywords`) VALUES ('19', 'kind', '0', 'en_us', ' image ');
INSERT INTO `tmp_searchindex` (`elementId`, `attribute`, `fieldId`, `locale`, `keywords`) VALUES ('19', 'slug', '0', 'en_us', '');
INSERT INTO `tmp_searchindex` (`elementId`, `attribute`, `fieldId`, `locale`, `keywords`) VALUES ('19', 'title', '0', 'en_us', ' test image1 ');
INSERT INTO `tmp_searchindex` (`elementId`, `attribute`, `fieldId`, `locale`, `keywords`) VALUES ('20', 'filename', '0', 'en_us', ' test image2 jpg ');
INSERT INTO `tmp_searchindex` (`elementId`, `attribute`, `fieldId`, `locale`, `keywords`) VALUES ('20', 'extension', '0', 'en_us', ' jpg ');
INSERT INTO `tmp_searchindex` (`elementId`, `attribute`, `fieldId`, `locale`, `keywords`) VALUES ('20', 'kind', '0', 'en_us', ' image ');
INSERT INTO `tmp_searchindex` (`elementId`, `attribute`, `fieldId`, `locale`, `keywords`) VALUES ('20', 'slug', '0', 'en_us', '');
INSERT INTO `tmp_searchindex` (`elementId`, `attribute`, `fieldId`, `locale`, `keywords`) VALUES ('20', 'title', '0', 'en_us', ' test image2 ');
INSERT INTO `tmp_searchindex` (`elementId`, `attribute`, `fieldId`, `locale`, `keywords`) VALUES ('21', 'filename', '0', 'en_us', ' test image3 jpg ');
INSERT INTO `tmp_searchindex` (`elementId`, `attribute`, `fieldId`, `locale`, `keywords`) VALUES ('21', 'extension', '0', 'en_us', ' jpg ');
INSERT INTO `tmp_searchindex` (`elementId`, `attribute`, `fieldId`, `locale`, `keywords`) VALUES ('21', 'kind', '0', 'en_us', ' image ');
INSERT INTO `tmp_searchindex` (`elementId`, `attribute`, `fieldId`, `locale`, `keywords`) VALUES ('21', 'slug', '0', 'en_us', '');
INSERT INTO `tmp_searchindex` (`elementId`, `attribute`, `fieldId`, `locale`, `keywords`) VALUES ('21', 'title', '0', 'en_us', ' test image3 ');
INSERT INTO `tmp_searchindex` (`elementId`, `attribute`, `fieldId`, `locale`, `keywords`) VALUES ('22', 'filename', '0', 'en_us', ' test image4 jpg ');
INSERT INTO `tmp_searchindex` (`elementId`, `attribute`, `fieldId`, `locale`, `keywords`) VALUES ('22', 'extension', '0', 'en_us', ' jpg ');
INSERT INTO `tmp_searchindex` (`elementId`, `attribute`, `fieldId`, `locale`, `keywords`) VALUES ('22', 'kind', '0', 'en_us', ' image ');
INSERT INTO `tmp_searchindex` (`elementId`, `attribute`, `fieldId`, `locale`, `keywords`) VALUES ('22', 'slug', '0', 'en_us', '');
INSERT INTO `tmp_searchindex` (`elementId`, `attribute`, `fieldId`, `locale`, `keywords`) VALUES ('22', 'title', '0', 'en_us', ' test image4 ');
INSERT INTO `tmp_searchindex` (`elementId`, `attribute`, `fieldId`, `locale`, `keywords`) VALUES ('23', 'filename', '0', 'en_us', ' test image5 jpg ');
INSERT INTO `tmp_searchindex` (`elementId`, `attribute`, `fieldId`, `locale`, `keywords`) VALUES ('23', 'extension', '0', 'en_us', ' jpg ');
INSERT INTO `tmp_searchindex` (`elementId`, `attribute`, `fieldId`, `locale`, `keywords`) VALUES ('23', 'kind', '0', 'en_us', ' image ');
INSERT INTO `tmp_searchindex` (`elementId`, `attribute`, `fieldId`, `locale`, `keywords`) VALUES ('23', 'slug', '0', 'en_us', '');
INSERT INTO `tmp_searchindex` (`elementId`, `attribute`, `fieldId`, `locale`, `keywords`) VALUES ('23', 'title', '0', 'en_us', ' test image5 ');
INSERT INTO `tmp_searchindex` (`elementId`, `attribute`, `fieldId`, `locale`, `keywords`) VALUES ('24', 'filename', '0', 'en_us', ' test image6 jpg ');
INSERT INTO `tmp_searchindex` (`elementId`, `attribute`, `fieldId`, `locale`, `keywords`) VALUES ('24', 'extension', '0', 'en_us', ' jpg ');
INSERT INTO `tmp_searchindex` (`elementId`, `attribute`, `fieldId`, `locale`, `keywords`) VALUES ('24', 'kind', '0', 'en_us', ' image ');
INSERT INTO `tmp_searchindex` (`elementId`, `attribute`, `fieldId`, `locale`, `keywords`) VALUES ('24', 'slug', '0', 'en_us', '');
INSERT INTO `tmp_searchindex` (`elementId`, `attribute`, `fieldId`, `locale`, `keywords`) VALUES ('24', 'title', '0', 'en_us', ' test image6 ');
INSERT INTO `tmp_searchindex` (`elementId`, `attribute`, `fieldId`, `locale`, `keywords`) VALUES ('25', 'filename', '0', 'en_us', ' test image7 jpg ');
INSERT INTO `tmp_searchindex` (`elementId`, `attribute`, `fieldId`, `locale`, `keywords`) VALUES ('25', 'extension', '0', 'en_us', ' jpg ');
INSERT INTO `tmp_searchindex` (`elementId`, `attribute`, `fieldId`, `locale`, `keywords`) VALUES ('25', 'kind', '0', 'en_us', ' image ');
INSERT INTO `tmp_searchindex` (`elementId`, `attribute`, `fieldId`, `locale`, `keywords`) VALUES ('25', 'slug', '0', 'en_us', '');
INSERT INTO `tmp_searchindex` (`elementId`, `attribute`, `fieldId`, `locale`, `keywords`) VALUES ('25', 'title', '0', 'en_us', ' test image7 ');
INSERT INTO `tmp_searchindex` (`elementId`, `attribute`, `fieldId`, `locale`, `keywords`) VALUES ('30', 'field', '11', 'en_us', ' test image7 ');
INSERT INTO `tmp_searchindex` (`elementId`, `attribute`, `fieldId`, `locale`, `keywords`) VALUES ('30', 'field', '12', 'en_us', ' normal ');
INSERT INTO `tmp_searchindex` (`elementId`, `attribute`, `fieldId`, `locale`, `keywords`) VALUES ('30', 'field', '13', 'en_us', ' normal ');
INSERT INTO `tmp_searchindex` (`elementId`, `attribute`, `fieldId`, `locale`, `keywords`) VALUES ('30', 'field', '14', 'en_us', ' normal ');
INSERT INTO `tmp_searchindex` (`elementId`, `attribute`, `fieldId`, `locale`, `keywords`) VALUES ('30', 'slug', '0', 'en_us', '');
INSERT INTO `tmp_searchindex` (`elementId`, `attribute`, `fieldId`, `locale`, `keywords`) VALUES ('31', 'slug', '0', 'en_us', ' about ');
INSERT INTO `tmp_searchindex` (`elementId`, `attribute`, `fieldId`, `locale`, `keywords`) VALUES ('13', 'field', '24', 'en_us', ' stack ');
INSERT INTO `tmp_searchindex` (`elementId`, `attribute`, `fieldId`, `locale`, `keywords`) VALUES ('15', 'field', '24', 'en_us', '');
INSERT INTO `tmp_searchindex` (`elementId`, `attribute`, `fieldId`, `locale`, `keywords`) VALUES ('28', 'field', '24', 'en_us', '');
INSERT INTO `tmp_searchindex` (`elementId`, `attribute`, `fieldId`, `locale`, `keywords`) VALUES ('30', 'field', '24', 'en_us', '');
INSERT INTO `tmp_searchindex` (`elementId`, `attribute`, `fieldId`, `locale`, `keywords`) VALUES ('31', 'title', '0', 'en_us', ' about ');
INSERT INTO `tmp_searchindex` (`elementId`, `attribute`, `fieldId`, `locale`, `keywords`) VALUES ('31', 'field', '6', 'en_us', ' double double center about the modern properinteger legentibus erat a ante historiarum dapibus phasellus laoreet lorem vel dolor tempus vehicula fictum deserunt mollit anim laborum astutumque cum sociis natoque penatibus et magnis dis parturient morbi fringilla convallis sapien id pulvinar odio volutpat gallia est omnis divisa in partes tres quarum donec sed odio operae eu vulputate felis rhoncus hi omnes lingua institutis legibus inter se differunt pellentesque habitant morbi tristique senectus et netus qui ipsorum lingua celtae nostra galli appellantur tu quoque brute fili mi nihil timor populi nihil contra legem facit qui id facit quod lex prohibet ');
INSERT INTO `tmp_searchindex` (`elementId`, `attribute`, `fieldId`, `locale`, `keywords`) VALUES ('29', 'field', '23', 'en_us', ' 5 ');
INSERT INTO `tmp_searchindex` (`elementId`, `attribute`, `fieldId`, `locale`, `keywords`) VALUES ('26', 'field', '17', 'en_us', ' it s caramely and crispy and is baked just long enough for the apples to keep some of their bite and a subtle tartness ');
INSERT INTO `tmp_searchindex` (`elementId`, `attribute`, `fieldId`, `locale`, `keywords`) VALUES ('26', 'field', '18', 'en_us', '');
INSERT INTO `tmp_searchindex` (`elementId`, `attribute`, `fieldId`, `locale`, `keywords`) VALUES ('26', 'field', '19', 'en_us', ' red ');
INSERT INTO `tmp_searchindex` (`elementId`, `attribute`, `fieldId`, `locale`, `keywords`) VALUES ('26', 'field', '20', 'en_us', ' none ');
INSERT INTO `tmp_searchindex` (`elementId`, `attribute`, `fieldId`, `locale`, `keywords`) VALUES ('26', 'field', '21', 'en_us', ' normal ');
INSERT INTO `tmp_searchindex` (`elementId`, `attribute`, `fieldId`, `locale`, `keywords`) VALUES ('26', 'slug', '0', 'en_us', '');
INSERT INTO `tmp_searchindex` (`elementId`, `attribute`, `fieldId`, `locale`, `keywords`) VALUES ('27', 'field', '7', 'en_us', ' craving that familiar fall feeling in our homes and around our tables with friends and family natalie and i met up last week to make this skillet apple crumble it s caramely and crispy and is baked just long enough for the apples to keep some of their bite and a subtle tartness i am looking forward to making it again soon using the pinata apples stimelt gave us as a parting gift from the dinner and will be sure to do my part to usher okay maybe force in this glorious season ');
INSERT INTO `tmp_searchindex` (`elementId`, `attribute`, `fieldId`, `locale`, `keywords`) VALUES ('27', 'field', '8', 'en_us', ' center ');
INSERT INTO `tmp_searchindex` (`elementId`, `attribute`, `fieldId`, `locale`, `keywords`) VALUES ('27', 'field', '9', 'en_us', ' normal ');
INSERT INTO `tmp_searchindex` (`elementId`, `attribute`, `fieldId`, `locale`, `keywords`) VALUES ('27', 'field', '10', 'en_us', ' normal ');
INSERT INTO `tmp_searchindex` (`elementId`, `attribute`, `fieldId`, `locale`, `keywords`) VALUES ('27', 'slug', '0', 'en_us', '');
INSERT INTO `tmp_searchindex` (`elementId`, `attribute`, `fieldId`, `locale`, `keywords`) VALUES ('28', 'field', '11', 'en_us', ' test image6 ');
INSERT INTO `tmp_searchindex` (`elementId`, `attribute`, `fieldId`, `locale`, `keywords`) VALUES ('28', 'field', '12', 'en_us', ' normal ');
INSERT INTO `tmp_searchindex` (`elementId`, `attribute`, `fieldId`, `locale`, `keywords`) VALUES ('28', 'field', '13', 'en_us', ' normal ');
INSERT INTO `tmp_searchindex` (`elementId`, `attribute`, `fieldId`, `locale`, `keywords`) VALUES ('28', 'field', '14', 'en_us', ' slim ');
INSERT INTO `tmp_searchindex` (`elementId`, `attribute`, `fieldId`, `locale`, `keywords`) VALUES ('28', 'slug', '0', 'en_us', '');
INSERT INTO `tmp_searchindex` (`elementId`, `attribute`, `fieldId`, `locale`, `keywords`) VALUES ('29', 'field', '15', 'en_us', ' 5 cups apples peeled cored and sliced 5 cups apples peeled cored and sliced 1 1 3 cup brown sugar 1 1 3 cup brown sugar 1 1 2 tsp cinnamon 1 1 2 tsp cinnamon 3 tbsp butter 3 tbsp butter 1 3 cup melted butter 1 3 cup melted butter 1 cup flour 1 cup flour ');
INSERT INTO `tmp_searchindex` (`elementId`, `attribute`, `fieldId`, `locale`, `keywords`) VALUES ('29', 'field', '22', 'en_us', ' preheat oven to 375 in a medium sized mixing bowl coat apples with ⅓ cup brown sugar and tsp cinnamon thinly slice 3 tbsp of butter and layer in the bottom of a 12 inch cast iron skillet pour the apples over the butter in another mixing bowl combine remaining sugar cinnamon flour and melted butter until a fully incorporated using your fingers crumble over the top of the apples bake on the center rack for 1 hour or until bubbling i think it goes without saying this should be served with vanilla ice cream ');
INSERT INTO `tmp_searchindex` (`elementId`, `attribute`, `fieldId`, `locale`, `keywords`) VALUES ('29', 'slug', '0', 'en_us', '');
INSERT INTO `tmp_searchindex` (`elementId`, `attribute`, `fieldId`, `locale`, `keywords`) VALUES ('32', 'field', '7', 'en_us', ' about the modern properinteger legentibus erat a ante historiarum dapibus phasellus laoreet lorem vel dolor tempus vehicula fictum deserunt mollit anim laborum astutumque cum sociis natoque penatibus et magnis dis parturient morbi fringilla convallis sapien id pulvinar odio volutpat gallia est omnis divisa in partes tres quarum donec sed odio operae eu vulputate felis rhoncus hi omnes lingua institutis legibus inter se differunt pellentesque habitant morbi tristique senectus et netus qui ipsorum lingua celtae nostra galli appellantur tu quoque brute fili mi nihil timor populi nihil contra legem facit qui id facit quod lex prohibet ');
INSERT INTO `tmp_searchindex` (`elementId`, `attribute`, `fieldId`, `locale`, `keywords`) VALUES ('32', 'field', '8', 'en_us', ' center ');
INSERT INTO `tmp_searchindex` (`elementId`, `attribute`, `fieldId`, `locale`, `keywords`) VALUES ('32', 'field', '9', 'en_us', ' double ');
INSERT INTO `tmp_searchindex` (`elementId`, `attribute`, `fieldId`, `locale`, `keywords`) VALUES ('32', 'field', '10', 'en_us', ' double ');
INSERT INTO `tmp_searchindex` (`elementId`, `attribute`, `fieldId`, `locale`, `keywords`) VALUES ('32', 'slug', '0', 'en_us', '');
INSERT INTO `tmp_searchindex` (`elementId`, `attribute`, `fieldId`, `locale`, `keywords`) VALUES ('31', 'field', '1', 'en_us', ' if there is any concept worth restoring to its original depth and evocative potential it is the concept of hospitality henri nowenour hopethe modern proper s mission is to reinvent proper and the lost art of hospitality for the modern homemaker while the meticulous rules of etiquette formed centuries ago had their place and value our goal is not merely to reimpose those arduous practices but rather re introduce you to the heart and original intent behind them bringing people together we believe that sharing food and your home leads to sharing life inviting others around your table is a beautiful way to strengthen friendships and build community it s time to change the way people think about hospitality one delicious meal at a time our storythe modern proper team consists of two mothers five children and one great pacific northwest it was while on one of our many trail walks splashing through streams and hunting for blackberries with our then 4 children that the modern proper was born we found ourselves having our hundredth something conversation about what we could make with what we d foraged when the topic shifted towards blogging we both shared stories of our past solo blogging failures and decided that if we worked together we d find our aspirations much easier to attain with our shared love for food hosting creating and gathering people we set out to make the modern proper together we re able to balance our five rambunctious kiddos and regular relevant posts in time for you to read a true team effort the creation of most of these posts involve one person stirring tirelessly on the stove or balancing on a stool with a camera in hand while the other entertains the kids at the modern proper our cooking always consists of seasonal foods we are native northwestern foragers and thus always out to find the freshest and most delicious items for our meals most of the recipes you ll find here are from scratch written and developed by us or adapted from recipes that have inspired us in the past though food is our first love we believe every aspect of homemaking deserves proper tending to from crafting to organizing local adventures for our kids our content involves beauty and connecting with those around us if you are a homemaker today with a similar passion for hospitality we welcome you to join us in making the home just a little bit warmer and more inviting natalie hollyhello themodernproper com ');
INSERT INTO `tmp_searchindex` (`elementId`, `attribute`, `fieldId`, `locale`, `keywords`) VALUES ('33', 'filename', '0', 'en_us', ' about test jpg ');
INSERT INTO `tmp_searchindex` (`elementId`, `attribute`, `fieldId`, `locale`, `keywords`) VALUES ('33', 'extension', '0', 'en_us', ' jpg ');
INSERT INTO `tmp_searchindex` (`elementId`, `attribute`, `fieldId`, `locale`, `keywords`) VALUES ('33', 'kind', '0', 'en_us', ' image ');
INSERT INTO `tmp_searchindex` (`elementId`, `attribute`, `fieldId`, `locale`, `keywords`) VALUES ('33', 'slug', '0', 'en_us', '');
INSERT INTO `tmp_searchindex` (`elementId`, `attribute`, `fieldId`, `locale`, `keywords`) VALUES ('33', 'title', '0', 'en_us', ' about test ');
INSERT INTO `tmp_searchindex` (`elementId`, `attribute`, `fieldId`, `locale`, `keywords`) VALUES ('34', 'field', '28', 'en_us', ' our mission is to reinvent proper for the modern homemaker let s change the way we think about hospitality one delicious meal at a time ');
INSERT INTO `tmp_searchindex` (`elementId`, `attribute`, `fieldId`, `locale`, `keywords`) VALUES ('34', 'field', '30', 'en_us', ' food recipes craft diy linens ');
INSERT INTO `tmp_searchindex` (`elementId`, `attribute`, `fieldId`, `locale`, `keywords`) VALUES ('34', 'field', '29', 'en_us', ' wide image test wide image test 2 ');
INSERT INTO `tmp_searchindex` (`elementId`, `attribute`, `fieldId`, `locale`, `keywords`) VALUES ('34', 'slug', '0', 'en_us', '');
INSERT INTO `tmp_searchindex` (`elementId`, `attribute`, `fieldId`, `locale`, `keywords`) VALUES ('35', 'field', '31', 'en_us', ' entry 31 1 0 en_us 1 about about 2015 09 25 2015 09 26 3 2015 09 25 about about about http tmp craft dev about 31 1 0 en_us 1 about about 2015 09 25 2015 09 26 3 2015 09 25 custom https www etsy com shop themodernproper shop _blank shop shop https www etsy com shop themodernproper entry 62 1 0 en_us 1 posts posts 2015 10 06 2015 10 06 4 2015 10 06 posts posts posts http tmp craft dev posts 62 1 0 en_us 1 posts posts 2015 10 06 2015 10 06 4 2015 10 06 ');
INSERT INTO `tmp_searchindex` (`elementId`, `attribute`, `fieldId`, `locale`, `keywords`) VALUES ('35', 'slug', '0', 'en_us', '');
INSERT INTO `tmp_searchindex` (`elementId`, `attribute`, `fieldId`, `locale`, `keywords`) VALUES ('36', 'field', '32', 'en_us', ' entry 31 1 0 en_us 1 about about 2015 09 25 2015 09 26 3 2015 09 25 about about about http tmp craft dev about 31 1 0 en_us 1 about about 2015 09 25 2015 09 26 3 2015 09 25 ');
INSERT INTO `tmp_searchindex` (`elementId`, `attribute`, `fieldId`, `locale`, `keywords`) VALUES ('36', 'slug', '0', 'en_us', '');
INSERT INTO `tmp_searchindex` (`elementId`, `attribute`, `fieldId`, `locale`, `keywords`) VALUES ('37', 'field', '32', 'en_us', ' custom https www etsy com shop themodernproper shop _blank shop shop https www etsy com shop themodernproper ');
INSERT INTO `tmp_searchindex` (`elementId`, `attribute`, `fieldId`, `locale`, `keywords`) VALUES ('37', 'slug', '0', 'en_us', '');
INSERT INTO `tmp_searchindex` (`elementId`, `attribute`, `fieldId`, `locale`, `keywords`) VALUES ('38', 'field', '32', 'en_us', ' entry 62 1 0 en_us 1 posts posts 2015 10 06 2015 10 06 4 2015 10 06 posts posts posts http tmp craft dev posts 62 1 0 en_us 1 posts posts 2015 10 06 2015 10 06 4 2015 10 06 ');
INSERT INTO `tmp_searchindex` (`elementId`, `attribute`, `fieldId`, `locale`, `keywords`) VALUES ('38', 'slug', '0', 'en_us', '');
INSERT INTO `tmp_searchindex` (`elementId`, `attribute`, `fieldId`, `locale`, `keywords`) VALUES ('6', 'field', '25', 'en_us', '');
INSERT INTO `tmp_searchindex` (`elementId`, `attribute`, `fieldId`, `locale`, `keywords`) VALUES ('6', 'field', '26', 'en_us', '');
INSERT INTO `tmp_searchindex` (`elementId`, `attribute`, `fieldId`, `locale`, `keywords`) VALUES ('6', 'field', '27', 'en_us', '');
INSERT INTO `tmp_searchindex` (`elementId`, `attribute`, `fieldId`, `locale`, `keywords`) VALUES ('5', 'field', '16', 'en_us', '');
INSERT INTO `tmp_searchindex` (`elementId`, `attribute`, `fieldId`, `locale`, `keywords`) VALUES ('5', 'field', '25', 'en_us', '');
INSERT INTO `tmp_searchindex` (`elementId`, `attribute`, `fieldId`, `locale`, `keywords`) VALUES ('5', 'field', '6', 'en_us', ' 155 lbs ryan 155 lbs ryan non equidem invideo miror magis posuere velit aliquet quam diu etiam furor iste tuus nos eludet qui ipsorum lingua celtae nostra galli appellantur tityre tu patulae recubans sub tegmine fagi dolor donec sed odio operae eu vulputate felis rhoncus excepteur sint obcaecat cupiditat non proident culpa cum ceteris in veneratione tui montes nascetur mus curabitur est gravida et libero vitae dictum quisque ut dolor gravida placerat libero vel euismod sed haec quis possit intrepidus aestimare tellus hi omnes lingua institutis legibus inter se differunt 1 ');
INSERT INTO `tmp_searchindex` (`elementId`, `attribute`, `fieldId`, `locale`, `keywords`) VALUES ('5', 'field', '26', 'en_us', '');
INSERT INTO `tmp_searchindex` (`elementId`, `attribute`, `fieldId`, `locale`, `keywords`) VALUES ('5', 'field', '27', 'en_us', '');
INSERT INTO `tmp_searchindex` (`elementId`, `attribute`, `fieldId`, `locale`, `keywords`) VALUES ('39', 'field', '15', 'en_us', ' 155 lbs ryan 155 lbs ryan ');
INSERT INTO `tmp_searchindex` (`elementId`, `attribute`, `fieldId`, `locale`, `keywords`) VALUES ('39', 'field', '23', 'en_us', ' 1 ');
INSERT INTO `tmp_searchindex` (`elementId`, `attribute`, `fieldId`, `locale`, `keywords`) VALUES ('39', 'field', '22', 'en_us', ' non equidem invideo miror magis posuere velit aliquet quam diu etiam furor iste tuus nos eludet qui ipsorum lingua celtae nostra galli appellantur tityre tu patulae recubans sub tegmine fagi dolor donec sed odio operae eu vulputate felis rhoncus excepteur sint obcaecat cupiditat non proident culpa cum ceteris in veneratione tui montes nascetur mus curabitur est gravida et libero vitae dictum quisque ut dolor gravida placerat libero vel euismod sed haec quis possit intrepidus aestimare tellus hi omnes lingua institutis legibus inter se differunt ');
INSERT INTO `tmp_searchindex` (`elementId`, `attribute`, `fieldId`, `locale`, `keywords`) VALUES ('39', 'slug', '0', 'en_us', '');
INSERT INTO `tmp_searchindex` (`elementId`, `attribute`, `fieldId`, `locale`, `keywords`) VALUES ('40', 'filename', '0', 'en_us', ' carnitas test jpg ');
INSERT INTO `tmp_searchindex` (`elementId`, `attribute`, `fieldId`, `locale`, `keywords`) VALUES ('40', 'extension', '0', 'en_us', ' jpg ');
INSERT INTO `tmp_searchindex` (`elementId`, `attribute`, `fieldId`, `locale`, `keywords`) VALUES ('40', 'kind', '0', 'en_us', ' image ');
INSERT INTO `tmp_searchindex` (`elementId`, `attribute`, `fieldId`, `locale`, `keywords`) VALUES ('40', 'slug', '0', 'en_us', '');
INSERT INTO `tmp_searchindex` (`elementId`, `attribute`, `fieldId`, `locale`, `keywords`) VALUES ('40', 'title', '0', 'en_us', ' carnitas test ');
INSERT INTO `tmp_searchindex` (`elementId`, `attribute`, `fieldId`, `locale`, `keywords`) VALUES ('41', 'field', '4', 'en_us', ' we paired up with the hatchery marketplace to create this wonderful and healthy carnitas breakfast we loved getting to know them and their green sriracha sauce took it over the top ');
INSERT INTO `tmp_searchindex` (`elementId`, `attribute`, `fieldId`, `locale`, `keywords`) VALUES ('41', 'field', '16', 'en_us', '');
INSERT INTO `tmp_searchindex` (`elementId`, `attribute`, `fieldId`, `locale`, `keywords`) VALUES ('41', 'field', '25', 'en_us', '');
INSERT INTO `tmp_searchindex` (`elementId`, `attribute`, `fieldId`, `locale`, `keywords`) VALUES ('41', 'field', '5', 'en_us', ' carnitas test ');
INSERT INTO `tmp_searchindex` (`elementId`, `attribute`, `fieldId`, `locale`, `keywords`) VALUES ('41', 'field', '6', 'en_us', ' double double center holly and i have now been building the modern proper for a little over two years we look at each other on the regular and say hey we re doing it what an eventful two years it s been to be completely honest we have tried to throw in the towel on more than one occasion yet the moment we re about to call it quits something amazing always happens it might be a recipe we re proud of an invite from an admired peer or like this last week an opportunity to partner with a company we love and all of a sudden our passion and energy is renewed and we are encouraged to press on carnitas test normal none slim ');
INSERT INTO `tmp_searchindex` (`elementId`, `attribute`, `fieldId`, `locale`, `keywords`) VALUES ('41', 'field', '26', 'en_us', '');
INSERT INTO `tmp_searchindex` (`elementId`, `attribute`, `fieldId`, `locale`, `keywords`) VALUES ('41', 'field', '27', 'en_us', '');
INSERT INTO `tmp_searchindex` (`elementId`, `attribute`, `fieldId`, `locale`, `keywords`) VALUES ('41', 'slug', '0', 'en_us', ' carnitas sweet potato hash with green sriracha ');
INSERT INTO `tmp_searchindex` (`elementId`, `attribute`, `fieldId`, `locale`, `keywords`) VALUES ('41', 'title', '0', 'en_us', ' carnitas sweet potato hash with green sriracha ');
INSERT INTO `tmp_searchindex` (`elementId`, `attribute`, `fieldId`, `locale`, `keywords`) VALUES ('42', 'field', '7', 'en_us', ' holly and i have now been building the modern proper for a little over two years we look at each other on the regular and say hey we re doing it what an eventful two years it s been to be completely honest we have tried to throw in the towel on more than one occasion yet the moment we re about to call it quits something amazing always happens it might be a recipe we re proud of an invite from an admired peer or like this last week an opportunity to partner with a company we love and all of a sudden our passion and energy is renewed and we are encouraged to press on ');
INSERT INTO `tmp_searchindex` (`elementId`, `attribute`, `fieldId`, `locale`, `keywords`) VALUES ('42', 'field', '8', 'en_us', ' center ');
INSERT INTO `tmp_searchindex` (`elementId`, `attribute`, `fieldId`, `locale`, `keywords`) VALUES ('42', 'field', '9', 'en_us', ' double ');
INSERT INTO `tmp_searchindex` (`elementId`, `attribute`, `fieldId`, `locale`, `keywords`) VALUES ('42', 'field', '10', 'en_us', ' double ');
INSERT INTO `tmp_searchindex` (`elementId`, `attribute`, `fieldId`, `locale`, `keywords`) VALUES ('42', 'slug', '0', 'en_us', '');
INSERT INTO `tmp_searchindex` (`elementId`, `attribute`, `fieldId`, `locale`, `keywords`) VALUES ('43', 'field', '11', 'en_us', ' carnitas test ');
INSERT INTO `tmp_searchindex` (`elementId`, `attribute`, `fieldId`, `locale`, `keywords`) VALUES ('43', 'field', '14', 'en_us', ' slim ');
INSERT INTO `tmp_searchindex` (`elementId`, `attribute`, `fieldId`, `locale`, `keywords`) VALUES ('43', 'field', '12', 'en_us', ' none ');
INSERT INTO `tmp_searchindex` (`elementId`, `attribute`, `fieldId`, `locale`, `keywords`) VALUES ('43', 'field', '13', 'en_us', ' normal ');
INSERT INTO `tmp_searchindex` (`elementId`, `attribute`, `fieldId`, `locale`, `keywords`) VALUES ('43', 'field', '24', 'en_us', '');
INSERT INTO `tmp_searchindex` (`elementId`, `attribute`, `fieldId`, `locale`, `keywords`) VALUES ('43', 'slug', '0', 'en_us', '');
INSERT INTO `tmp_searchindex` (`elementId`, `attribute`, `fieldId`, `locale`, `keywords`) VALUES ('45', 'slug', '0', 'en_us', '');
INSERT INTO `tmp_searchindex` (`elementId`, `attribute`, `fieldId`, `locale`, `keywords`) VALUES ('45', 'title', '0', 'en_us', ' skillet caramel apple crisp ');
INSERT INTO `tmp_searchindex` (`elementId`, `attribute`, `fieldId`, `locale`, `keywords`) VALUES ('45', 'kind', '0', 'en_us', ' pdf ');
INSERT INTO `tmp_searchindex` (`elementId`, `attribute`, `fieldId`, `locale`, `keywords`) VALUES ('45', 'filename', '0', 'en_us', ' skillet caramel apple crisp pdf ');
INSERT INTO `tmp_searchindex` (`elementId`, `attribute`, `fieldId`, `locale`, `keywords`) VALUES ('45', 'extension', '0', 'en_us', ' pdf ');
INSERT INTO `tmp_searchindex` (`elementId`, `attribute`, `fieldId`, `locale`, `keywords`) VALUES ('3', 'field', '16', 'en_us', '');
INSERT INTO `tmp_searchindex` (`elementId`, `attribute`, `fieldId`, `locale`, `keywords`) VALUES ('3', 'field', '25', 'en_us', '');
INSERT INTO `tmp_searchindex` (`elementId`, `attribute`, `fieldId`, `locale`, `keywords`) VALUES ('3', 'field', '6', 'en_us', '');
INSERT INTO `tmp_searchindex` (`elementId`, `attribute`, `fieldId`, `locale`, `keywords`) VALUES ('3', 'field', '26', 'en_us', '');
INSERT INTO `tmp_searchindex` (`elementId`, `attribute`, `fieldId`, `locale`, `keywords`) VALUES ('3', 'field', '27', 'en_us', '');
INSERT INTO `tmp_searchindex` (`elementId`, `attribute`, `fieldId`, `locale`, `keywords`) VALUES ('46', 'slug', '0', 'en_us', '');
INSERT INTO `tmp_searchindex` (`elementId`, `attribute`, `fieldId`, `locale`, `keywords`) VALUES ('47', 'slug', '0', 'en_us', ' spring ');
INSERT INTO `tmp_searchindex` (`elementId`, `attribute`, `fieldId`, `locale`, `keywords`) VALUES ('47', 'title', '0', 'en_us', ' spring ');
INSERT INTO `tmp_searchindex` (`elementId`, `attribute`, `fieldId`, `locale`, `keywords`) VALUES ('48', 'slug', '0', 'en_us', ' summer ');
INSERT INTO `tmp_searchindex` (`elementId`, `attribute`, `fieldId`, `locale`, `keywords`) VALUES ('48', 'title', '0', 'en_us', ' summer ');
INSERT INTO `tmp_searchindex` (`elementId`, `attribute`, `fieldId`, `locale`, `keywords`) VALUES ('49', 'slug', '0', 'en_us', ' fall ');
INSERT INTO `tmp_searchindex` (`elementId`, `attribute`, `fieldId`, `locale`, `keywords`) VALUES ('49', 'title', '0', 'en_us', ' fall ');
INSERT INTO `tmp_searchindex` (`elementId`, `attribute`, `fieldId`, `locale`, `keywords`) VALUES ('51', 'title', '0', 'en_us', ' winter ');
INSERT INTO `tmp_searchindex` (`elementId`, `attribute`, `fieldId`, `locale`, `keywords`) VALUES ('51', 'slug', '0', 'en_us', ' winter ');
INSERT INTO `tmp_searchindex` (`elementId`, `attribute`, `fieldId`, `locale`, `keywords`) VALUES ('46', 'field', '33', 'en_us', ' current favs ');
INSERT INTO `tmp_searchindex` (`elementId`, `attribute`, `fieldId`, `locale`, `keywords`) VALUES ('46', 'field', '34', 'en_us', '');
INSERT INTO `tmp_searchindex` (`elementId`, `attribute`, `fieldId`, `locale`, `keywords`) VALUES ('46', 'field', '35', 'en_us', ' skillet caramel apple crisp great title for a blog post ');
INSERT INTO `tmp_searchindex` (`elementId`, `attribute`, `fieldId`, `locale`, `keywords`) VALUES ('52', 'slug', '0', 'en_us', ' seasonal ');
INSERT INTO `tmp_searchindex` (`elementId`, `attribute`, `fieldId`, `locale`, `keywords`) VALUES ('52', 'title', '0', 'en_us', ' seasonal ');
INSERT INTO `tmp_searchindex` (`elementId`, `attribute`, `fieldId`, `locale`, `keywords`) VALUES ('53', 'slug', '0', 'en_us', ' meals ');
INSERT INTO `tmp_searchindex` (`elementId`, `attribute`, `fieldId`, `locale`, `keywords`) VALUES ('53', 'title', '0', 'en_us', ' meals ');
INSERT INTO `tmp_searchindex` (`elementId`, `attribute`, `fieldId`, `locale`, `keywords`) VALUES ('54', 'slug', '0', 'en_us', ' breakfast ');
INSERT INTO `tmp_searchindex` (`elementId`, `attribute`, `fieldId`, `locale`, `keywords`) VALUES ('54', 'title', '0', 'en_us', ' breakfast ');
INSERT INTO `tmp_searchindex` (`elementId`, `attribute`, `fieldId`, `locale`, `keywords`) VALUES ('55', 'slug', '0', 'en_us', ' brunch ');
INSERT INTO `tmp_searchindex` (`elementId`, `attribute`, `fieldId`, `locale`, `keywords`) VALUES ('55', 'title', '0', 'en_us', ' brunch ');
INSERT INTO `tmp_searchindex` (`elementId`, `attribute`, `fieldId`, `locale`, `keywords`) VALUES ('56', 'slug', '0', 'en_us', ' lunch ');
INSERT INTO `tmp_searchindex` (`elementId`, `attribute`, `fieldId`, `locale`, `keywords`) VALUES ('56', 'title', '0', 'en_us', ' lunch ');
INSERT INTO `tmp_searchindex` (`elementId`, `attribute`, `fieldId`, `locale`, `keywords`) VALUES ('57', 'slug', '0', 'en_us', ' dinner ');
INSERT INTO `tmp_searchindex` (`elementId`, `attribute`, `fieldId`, `locale`, `keywords`) VALUES ('57', 'title', '0', 'en_us', ' dinner ');
INSERT INTO `tmp_searchindex` (`elementId`, `attribute`, `fieldId`, `locale`, `keywords`) VALUES ('58', 'slug', '0', 'en_us', ' cocktails ');
INSERT INTO `tmp_searchindex` (`elementId`, `attribute`, `fieldId`, `locale`, `keywords`) VALUES ('58', 'title', '0', 'en_us', ' cocktails ');
INSERT INTO `tmp_searchindex` (`elementId`, `attribute`, `fieldId`, `locale`, `keywords`) VALUES ('64', 'title', '0', 'en_us', ' salads ');
INSERT INTO `tmp_searchindex` (`elementId`, `attribute`, `fieldId`, `locale`, `keywords`) VALUES ('64', 'slug', '0', 'en_us', ' salads ');
INSERT INTO `tmp_searchindex` (`elementId`, `attribute`, `fieldId`, `locale`, `keywords`) VALUES ('63', 'title', '0', 'en_us', ' appetizers ');
INSERT INTO `tmp_searchindex` (`elementId`, `attribute`, `fieldId`, `locale`, `keywords`) VALUES ('63', 'slug', '0', 'en_us', ' appetizers ');
INSERT INTO `tmp_searchindex` (`elementId`, `attribute`, `fieldId`, `locale`, `keywords`) VALUES ('60', 'field', '36', 'en_us', ' skillet caramel apple crisp carnitas sweet potato hash with green sriracha great title for a blog post super cool blog post title here ');
INSERT INTO `tmp_searchindex` (`elementId`, `attribute`, `fieldId`, `locale`, `keywords`) VALUES ('60', 'slug', '0', 'en_us', '');
INSERT INTO `tmp_searchindex` (`elementId`, `attribute`, `fieldId`, `locale`, `keywords`) VALUES ('61', 'slug', '0', 'en_us', ' dessert ');
INSERT INTO `tmp_searchindex` (`elementId`, `attribute`, `fieldId`, `locale`, `keywords`) VALUES ('61', 'title', '0', 'en_us', ' dessert ');
INSERT INTO `tmp_searchindex` (`elementId`, `attribute`, `fieldId`, `locale`, `keywords`) VALUES ('6', 'field', '38', 'en_us', ' seasonal fall meals breakfast ');
INSERT INTO `tmp_searchindex` (`elementId`, `attribute`, `fieldId`, `locale`, `keywords`) VALUES ('3', 'field', '38', 'en_us', ' seasonal fall ');
INSERT INTO `tmp_searchindex` (`elementId`, `attribute`, `fieldId`, `locale`, `keywords`) VALUES ('5', 'field', '39', 'en_us', ' meals ');
INSERT INTO `tmp_searchindex` (`elementId`, `attribute`, `fieldId`, `locale`, `keywords`) VALUES ('6', 'field', '39', 'en_us', ' meals ');
INSERT INTO `tmp_searchindex` (`elementId`, `attribute`, `fieldId`, `locale`, `keywords`) VALUES ('5', 'field', '38', 'en_us', ' meals breakfast ');
INSERT INTO `tmp_searchindex` (`elementId`, `attribute`, `fieldId`, `locale`, `keywords`) VALUES ('41', 'field', '38', 'en_us', ' meals breakfast ');
INSERT INTO `tmp_searchindex` (`elementId`, `attribute`, `fieldId`, `locale`, `keywords`) VALUES ('62', 'slug', '0', 'en_us', '');
INSERT INTO `tmp_searchindex` (`elementId`, `attribute`, `fieldId`, `locale`, `keywords`) VALUES ('62', 'title', '0', 'en_us', ' posts ');
INSERT INTO `tmp_searchindex` (`elementId`, `attribute`, `fieldId`, `locale`, `keywords`) VALUES ('65', 'field', '40', 'en_us', ' tmp photo ');
INSERT INTO `tmp_searchindex` (`elementId`, `attribute`, `fieldId`, `locale`, `keywords`) VALUES ('65', 'field', '41', 'en_us', ' natalie mortimer holly erickson ');
INSERT INTO `tmp_searchindex` (`elementId`, `attribute`, `fieldId`, `locale`, `keywords`) VALUES ('65', 'field', '42', 'en_us', ' hello we re glad you re here we believe in sharing life through great food at our own tables let s change the way people think about hospitality one delicious meal at a time ');
INSERT INTO `tmp_searchindex` (`elementId`, `attribute`, `fieldId`, `locale`, `keywords`) VALUES ('65', 'slug', '0', 'en_us', '');
INSERT INTO `tmp_searchindex` (`elementId`, `attribute`, `fieldId`, `locale`, `keywords`) VALUES ('67', 'kind', '0', 'en_us', ' image ');
INSERT INTO `tmp_searchindex` (`elementId`, `attribute`, `fieldId`, `locale`, `keywords`) VALUES ('67', 'extension', '0', 'en_us', ' jpg ');
INSERT INTO `tmp_searchindex` (`elementId`, `attribute`, `fieldId`, `locale`, `keywords`) VALUES ('67', 'filename', '0', 'en_us', ' tmp photo jpg ');
INSERT INTO `tmp_searchindex` (`elementId`, `attribute`, `fieldId`, `locale`, `keywords`) VALUES ('67', 'slug', '0', 'en_us', '');
INSERT INTO `tmp_searchindex` (`elementId`, `attribute`, `fieldId`, `locale`, `keywords`) VALUES ('67', 'title', '0', 'en_us', ' tmp photo ');
INSERT INTO `tmp_searchindex` (`elementId`, `attribute`, `fieldId`, `locale`, `keywords`) VALUES ('79', 'title', '0', 'en_us', ' contact ');
INSERT INTO `tmp_searchindex` (`elementId`, `attribute`, `fieldId`, `locale`, `keywords`) VALUES ('79', 'slug', '0', 'en_us', '');
INSERT INTO `tmp_searchindex` (`elementId`, `attribute`, `fieldId`, `locale`, `keywords`) VALUES ('69', 'field', '43', 'en_us', ' search through our recipes and use our methods to make some culinary magic make 1 make make sure and get a good shot of your masterpiece before it gets devoured shoot 2 shoot invite your loveliest friends over enjoy a delicious meal and laugh a lot share 3 host don t forget to mention themodernproper we d love to see what you ve made post 4 post ');
INSERT INTO `tmp_searchindex` (`elementId`, `attribute`, `fieldId`, `locale`, `keywords`) VALUES ('69', 'slug', '0', 'en_us', '');
INSERT INTO `tmp_searchindex` (`elementId`, `attribute`, `fieldId`, `locale`, `keywords`) VALUES ('70', 'filename', '0', 'en_us', ' make svg ');
INSERT INTO `tmp_searchindex` (`elementId`, `attribute`, `fieldId`, `locale`, `keywords`) VALUES ('70', 'extension', '0', 'en_us', ' svg ');
INSERT INTO `tmp_searchindex` (`elementId`, `attribute`, `fieldId`, `locale`, `keywords`) VALUES ('70', 'kind', '0', 'en_us', ' image ');
INSERT INTO `tmp_searchindex` (`elementId`, `attribute`, `fieldId`, `locale`, `keywords`) VALUES ('70', 'slug', '0', 'en_us', '');
INSERT INTO `tmp_searchindex` (`elementId`, `attribute`, `fieldId`, `locale`, `keywords`) VALUES ('70', 'title', '0', 'en_us', ' make ');
INSERT INTO `tmp_searchindex` (`elementId`, `attribute`, `fieldId`, `locale`, `keywords`) VALUES ('71', 'filename', '0', 'en_us', ' post svg ');
INSERT INTO `tmp_searchindex` (`elementId`, `attribute`, `fieldId`, `locale`, `keywords`) VALUES ('71', 'extension', '0', 'en_us', ' svg ');
INSERT INTO `tmp_searchindex` (`elementId`, `attribute`, `fieldId`, `locale`, `keywords`) VALUES ('71', 'kind', '0', 'en_us', ' image ');
INSERT INTO `tmp_searchindex` (`elementId`, `attribute`, `fieldId`, `locale`, `keywords`) VALUES ('71', 'slug', '0', 'en_us', '');
INSERT INTO `tmp_searchindex` (`elementId`, `attribute`, `fieldId`, `locale`, `keywords`) VALUES ('71', 'title', '0', 'en_us', ' post ');
INSERT INTO `tmp_searchindex` (`elementId`, `attribute`, `fieldId`, `locale`, `keywords`) VALUES ('72', 'filename', '0', 'en_us', ' share svg ');
INSERT INTO `tmp_searchindex` (`elementId`, `attribute`, `fieldId`, `locale`, `keywords`) VALUES ('72', 'extension', '0', 'en_us', ' svg ');
INSERT INTO `tmp_searchindex` (`elementId`, `attribute`, `fieldId`, `locale`, `keywords`) VALUES ('72', 'kind', '0', 'en_us', ' image ');
INSERT INTO `tmp_searchindex` (`elementId`, `attribute`, `fieldId`, `locale`, `keywords`) VALUES ('72', 'slug', '0', 'en_us', '');
INSERT INTO `tmp_searchindex` (`elementId`, `attribute`, `fieldId`, `locale`, `keywords`) VALUES ('72', 'title', '0', 'en_us', ' share ');
INSERT INTO `tmp_searchindex` (`elementId`, `attribute`, `fieldId`, `locale`, `keywords`) VALUES ('73', 'filename', '0', 'en_us', ' shoot svg ');
INSERT INTO `tmp_searchindex` (`elementId`, `attribute`, `fieldId`, `locale`, `keywords`) VALUES ('73', 'extension', '0', 'en_us', ' svg ');
INSERT INTO `tmp_searchindex` (`elementId`, `attribute`, `fieldId`, `locale`, `keywords`) VALUES ('73', 'kind', '0', 'en_us', ' image ');
INSERT INTO `tmp_searchindex` (`elementId`, `attribute`, `fieldId`, `locale`, `keywords`) VALUES ('73', 'slug', '0', 'en_us', '');
INSERT INTO `tmp_searchindex` (`elementId`, `attribute`, `fieldId`, `locale`, `keywords`) VALUES ('73', 'title', '0', 'en_us', ' shoot ');
INSERT INTO `tmp_searchindex` (`elementId`, `attribute`, `fieldId`, `locale`, `keywords`) VALUES ('74', 'field', '44', 'en_us', ' make ');
INSERT INTO `tmp_searchindex` (`elementId`, `attribute`, `fieldId`, `locale`, `keywords`) VALUES ('74', 'field', '45', 'en_us', ' 1 make ');
INSERT INTO `tmp_searchindex` (`elementId`, `attribute`, `fieldId`, `locale`, `keywords`) VALUES ('74', 'field', '46', 'en_us', ' search through our recipes and use our methods to make some culinary magic ');
INSERT INTO `tmp_searchindex` (`elementId`, `attribute`, `fieldId`, `locale`, `keywords`) VALUES ('74', 'slug', '0', 'en_us', '');
INSERT INTO `tmp_searchindex` (`elementId`, `attribute`, `fieldId`, `locale`, `keywords`) VALUES ('75', 'field', '44', 'en_us', ' shoot ');
INSERT INTO `tmp_searchindex` (`elementId`, `attribute`, `fieldId`, `locale`, `keywords`) VALUES ('75', 'field', '45', 'en_us', ' 2 shoot ');
INSERT INTO `tmp_searchindex` (`elementId`, `attribute`, `fieldId`, `locale`, `keywords`) VALUES ('75', 'field', '46', 'en_us', ' make sure and get a good shot of your masterpiece before it gets devoured ');
INSERT INTO `tmp_searchindex` (`elementId`, `attribute`, `fieldId`, `locale`, `keywords`) VALUES ('75', 'slug', '0', 'en_us', '');
INSERT INTO `tmp_searchindex` (`elementId`, `attribute`, `fieldId`, `locale`, `keywords`) VALUES ('76', 'field', '44', 'en_us', ' share ');
INSERT INTO `tmp_searchindex` (`elementId`, `attribute`, `fieldId`, `locale`, `keywords`) VALUES ('76', 'field', '45', 'en_us', ' 3 host ');
INSERT INTO `tmp_searchindex` (`elementId`, `attribute`, `fieldId`, `locale`, `keywords`) VALUES ('76', 'field', '46', 'en_us', ' invite your loveliest friends over enjoy a delicious meal and laugh a lot ');
INSERT INTO `tmp_searchindex` (`elementId`, `attribute`, `fieldId`, `locale`, `keywords`) VALUES ('76', 'slug', '0', 'en_us', '');
INSERT INTO `tmp_searchindex` (`elementId`, `attribute`, `fieldId`, `locale`, `keywords`) VALUES ('77', 'field', '44', 'en_us', ' post ');
INSERT INTO `tmp_searchindex` (`elementId`, `attribute`, `fieldId`, `locale`, `keywords`) VALUES ('77', 'field', '45', 'en_us', ' 4 post ');
INSERT INTO `tmp_searchindex` (`elementId`, `attribute`, `fieldId`, `locale`, `keywords`) VALUES ('77', 'field', '46', 'en_us', ' don t forget to mention themodernproper we d love to see what you ve made ');
INSERT INTO `tmp_searchindex` (`elementId`, `attribute`, `fieldId`, `locale`, `keywords`) VALUES ('77', 'slug', '0', 'en_us', '');
INSERT INTO `tmp_searchindex` (`elementId`, `attribute`, `fieldId`, `locale`, `keywords`) VALUES ('78', 'slug', '0', 'en_us', '');
INSERT INTO `tmp_searchindex` (`elementId`, `attribute`, `fieldId`, `locale`, `keywords`) VALUES ('78', 'title', '0', 'en_us', ' search results ');



DROP TABLE IF EXISTS `tmp_sections`;


--
-- Schema for table `tmp_sections`
--
CREATE TABLE `tmp_sections` (
  `id` int(11) NOT NULL AUTO_INCREMENT,
  `structureId` int(11) DEFAULT NULL,
  `name` varchar(255) COLLATE utf8_unicode_ci NOT NULL,
  `handle` varchar(255) COLLATE utf8_unicode_ci NOT NULL,
  `type` enum('single','channel','structure') COLLATE utf8_unicode_ci NOT NULL DEFAULT 'channel',
  `hasUrls` tinyint(1) unsigned NOT NULL DEFAULT '1',
  `template` varchar(500) COLLATE utf8_unicode_ci DEFAULT NULL,
  `enableVersioning` tinyint(1) unsigned NOT NULL DEFAULT '0',
  `dateCreated` datetime NOT NULL,
  `dateUpdated` datetime NOT NULL,
  `uid` char(36) COLLATE utf8_unicode_ci NOT NULL DEFAULT '0',
  PRIMARY KEY (`id`),
  UNIQUE KEY `tmp_sections_name_unq_idx` (`name`),
  UNIQUE KEY `tmp_sections_handle_unq_idx` (`handle`),
  KEY `tmp_sections_structureId_fk` (`structureId`)
) ENGINE=InnoDB AUTO_INCREMENT=8 DEFAULT CHARSET=utf8 COLLATE=utf8_unicode_ci;

--
-- Data for table `tmp_sections`
--

INSERT INTO `tmp_sections` (`id`, `structureId`, `name`, `handle`, `type`, `hasUrls`, `template`, `enableVersioning`, `dateCreated`, `dateUpdated`, `uid`) VALUES ('1', NULL, 'Homepage', 'homepage', 'single', '1', 'index', '1', '2015-09-01 17:29:53', '2015-09-01 17:29:53', '771bf8f7-0cde-4321-b7b2-764a4aa0c6f1');
INSERT INTO `tmp_sections` (`id`, `structureId`, `name`, `handle`, `type`, `hasUrls`, `template`, `enableVersioning`, `dateCreated`, `dateUpdated`, `uid`) VALUES ('2', NULL, 'Post Entries', 'postEntries', 'channel', '1', 'posts/_entry', '1', '2015-09-01 17:29:53', '2015-10-06 03:04:27', 'ada7fdf9-4cb3-49b8-bde8-2d2831c7efce');
INSERT INTO `tmp_sections` (`id`, `structureId`, `name`, `handle`, `type`, `hasUrls`, `template`, `enableVersioning`, `dateCreated`, `dateUpdated`, `uid`) VALUES ('3', NULL, 'About', 'about', 'single', '1', 'about', '1', '2015-09-25 22:59:09', '2015-09-25 22:59:09', '73268239-a8e1-4cd7-a4e3-b2497eebae78');
INSERT INTO `tmp_sections` (`id`, `structureId`, `name`, `handle`, `type`, `hasUrls`, `template`, `enableVersioning`, `dateCreated`, `dateUpdated`, `uid`) VALUES ('4', NULL, 'Posts', 'posts', 'single', '1', 'posts', '1', '2015-10-06 03:04:37', '2015-10-06 03:04:37', '62592e72-3764-4d51-b095-ee4c11386cdd');
INSERT INTO `tmp_sections` (`id`, `structureId`, `name`, `handle`, `type`, `hasUrls`, `template`, `enableVersioning`, `dateCreated`, `dateUpdated`, `uid`) VALUES ('6', NULL, 'Search Results', 'searchResults', 'single', '1', 'search/results', '1', '2015-10-09 07:27:35', '2015-10-09 07:27:35', '68f559f0-ff76-4cc0-aa35-fac942c75e51');
INSERT INTO `tmp_sections` (`id`, `structureId`, `name`, `handle`, `type`, `hasUrls`, `template`, `enableVersioning`, `dateCreated`, `dateUpdated`, `uid`) VALUES ('7', NULL, 'Contact', 'contact', 'single', '1', 'contact', '1', '2015-10-09 16:10:13', '2015-10-09 16:10:13', '22c81238-e9dd-43fa-8d74-44cbd9246bda');



DROP TABLE IF EXISTS `tmp_sections_i18n`;


--
-- Schema for table `tmp_sections_i18n`
--
CREATE TABLE `tmp_sections_i18n` (
  `id` int(11) NOT NULL AUTO_INCREMENT,
  `sectionId` int(11) NOT NULL,
  `locale` char(12) COLLATE utf8_unicode_ci NOT NULL,
  `enabledByDefault` tinyint(1) unsigned NOT NULL DEFAULT '1',
  `urlFormat` varchar(255) COLLATE utf8_unicode_ci DEFAULT NULL,
  `nestedUrlFormat` varchar(255) COLLATE utf8_unicode_ci DEFAULT NULL,
  `dateCreated` datetime NOT NULL,
  `dateUpdated` datetime NOT NULL,
  `uid` char(36) COLLATE utf8_unicode_ci NOT NULL DEFAULT '0',
  PRIMARY KEY (`id`),
  UNIQUE KEY `tmp_sections_i18n_sectionId_locale_unq_idx` (`sectionId`,`locale`),
  KEY `tmp_sections_i18n_locale_fk` (`locale`)
) ENGINE=InnoDB AUTO_INCREMENT=8 DEFAULT CHARSET=utf8 COLLATE=utf8_unicode_ci;

--
-- Data for table `tmp_sections_i18n`
--

INSERT INTO `tmp_sections_i18n` (`id`, `sectionId`, `locale`, `enabledByDefault`, `urlFormat`, `nestedUrlFormat`, `dateCreated`, `dateUpdated`, `uid`) VALUES ('1', '1', 'en_us', '1', '__home__', NULL, '2015-09-01 17:29:53', '2015-09-01 17:29:53', '6f321aca-7fae-4980-ba86-e187f31959d0');
INSERT INTO `tmp_sections_i18n` (`id`, `sectionId`, `locale`, `enabledByDefault`, `urlFormat`, `nestedUrlFormat`, `dateCreated`, `dateUpdated`, `uid`) VALUES ('2', '2', 'en_us', '0', 'posts/{slug}', NULL, '2015-09-01 17:29:53', '2015-10-06 03:04:27', 'fec5ef38-2503-4a95-907a-2eb8941680cc');
INSERT INTO `tmp_sections_i18n` (`id`, `sectionId`, `locale`, `enabledByDefault`, `urlFormat`, `nestedUrlFormat`, `dateCreated`, `dateUpdated`, `uid`) VALUES ('3', '3', 'en_us', '0', 'about', NULL, '2015-09-25 22:59:09', '2015-09-25 22:59:09', 'cd4c5da7-1a4d-4e03-864d-4821741ca3d6');
INSERT INTO `tmp_sections_i18n` (`id`, `sectionId`, `locale`, `enabledByDefault`, `urlFormat`, `nestedUrlFormat`, `dateCreated`, `dateUpdated`, `uid`) VALUES ('4', '4', 'en_us', '0', 'posts', NULL, '2015-10-06 03:04:37', '2015-10-06 03:04:37', '0b8dc594-720c-4a9f-ba96-bfbd1cc15698');
INSERT INTO `tmp_sections_i18n` (`id`, `sectionId`, `locale`, `enabledByDefault`, `urlFormat`, `nestedUrlFormat`, `dateCreated`, `dateUpdated`, `uid`) VALUES ('6', '6', 'en_us', '0', 'search/results', NULL, '2015-10-09 07:27:35', '2015-10-09 07:27:35', '4e70b42d-2331-4486-9b91-28cf300a704d');
INSERT INTO `tmp_sections_i18n` (`id`, `sectionId`, `locale`, `enabledByDefault`, `urlFormat`, `nestedUrlFormat`, `dateCreated`, `dateUpdated`, `uid`) VALUES ('7', '7', 'en_us', '0', 'contact', NULL, '2015-10-09 16:10:13', '2015-10-09 16:10:13', '66c50773-dfff-494c-889f-e62dfaf61f87');



DROP TABLE IF EXISTS `tmp_sessions`;


--
-- Schema for table `tmp_sessions`
--
CREATE TABLE `tmp_sessions` (
  `id` int(11) NOT NULL AUTO_INCREMENT,
  `userId` int(11) NOT NULL,
  `token` char(100) COLLATE utf8_unicode_ci NOT NULL,
  `dateCreated` datetime NOT NULL,
  `dateUpdated` datetime NOT NULL,
  `uid` char(36) COLLATE utf8_unicode_ci NOT NULL DEFAULT '0',
  PRIMARY KEY (`id`),
  KEY `tmp_sessions_uid_idx` (`uid`),
  KEY `tmp_sessions_token_idx` (`token`),
  KEY `tmp_sessions_dateUpdated_idx` (`dateUpdated`),
  KEY `tmp_sessions_userId_fk` (`userId`)
) ENGINE=InnoDB AUTO_INCREMENT=42 DEFAULT CHARSET=utf8 COLLATE=utf8_unicode_ci;

DROP TABLE IF EXISTS `tmp_shunnedmessages`;


--
-- Schema for table `tmp_shunnedmessages`
--
CREATE TABLE `tmp_shunnedmessages` (
  `id` int(11) NOT NULL AUTO_INCREMENT,
  `userId` int(11) NOT NULL,
  `message` varchar(255) COLLATE utf8_unicode_ci NOT NULL,
  `expiryDate` datetime DEFAULT NULL,
  `dateCreated` datetime NOT NULL,
  `dateUpdated` datetime NOT NULL,
  `uid` char(36) COLLATE utf8_unicode_ci NOT NULL DEFAULT '0',
  PRIMARY KEY (`id`),
  UNIQUE KEY `tmp_shunnedmessages_userId_message_unq_idx` (`userId`,`message`)
) ENGINE=InnoDB DEFAULT CHARSET=utf8 COLLATE=utf8_unicode_ci;

DROP TABLE IF EXISTS `tmp_structureelements`;


--
-- Schema for table `tmp_structureelements`
--
CREATE TABLE `tmp_structureelements` (
  `id` int(11) NOT NULL AUTO_INCREMENT,
  `structureId` int(11) NOT NULL,
  `elementId` int(11) DEFAULT NULL,
  `root` int(11) unsigned DEFAULT NULL,
  `lft` int(11) unsigned NOT NULL,
  `rgt` int(11) unsigned NOT NULL,
  `level` smallint(6) unsigned NOT NULL,
  `dateCreated` datetime NOT NULL,
  `dateUpdated` datetime NOT NULL,
  `uid` char(36) COLLATE utf8_unicode_ci NOT NULL DEFAULT '0',
  PRIMARY KEY (`id`),
  UNIQUE KEY `tmp_structureelements_structureId_elementId_unq_idx` (`structureId`,`elementId`),
  KEY `tmp_structureelements_root_idx` (`root`),
  KEY `tmp_structureelements_lft_idx` (`lft`),
  KEY `tmp_structureelements_rgt_idx` (`rgt`),
  KEY `tmp_structureelements_level_idx` (`level`),
  KEY `tmp_structureelements_elementId_fk` (`elementId`)
) ENGINE=InnoDB AUTO_INCREMENT=18 DEFAULT CHARSET=utf8 COLLATE=utf8_unicode_ci;

--
-- Data for table `tmp_structureelements`
--

INSERT INTO `tmp_structureelements` (`id`, `structureId`, `elementId`, `root`, `lft`, `rgt`, `level`, `dateCreated`, `dateUpdated`, `uid`) VALUES ('1', '2', NULL, '1', '1', '30', '0', '2015-10-04 19:35:02', '2015-10-04 19:35:02', '59f2dffd-1471-44be-9939-a61c3f697ae8');
INSERT INTO `tmp_structureelements` (`id`, `structureId`, `elementId`, `root`, `lft`, `rgt`, `level`, `dateCreated`, `dateUpdated`, `uid`) VALUES ('2', '2', '47', '1', '3', '4', '2', '2015-10-04 19:35:02', '2015-10-04 19:35:02', 'bc1e0138-c53e-42e2-be89-56b177f7a3b0');
INSERT INTO `tmp_structureelements` (`id`, `structureId`, `elementId`, `root`, `lft`, `rgt`, `level`, `dateCreated`, `dateUpdated`, `uid`) VALUES ('3', '2', '48', '1', '5', '6', '2', '2015-10-04 19:35:08', '2015-10-04 19:35:08', 'ec3740cb-faad-4ac7-85b3-4933c1e3663d');
INSERT INTO `tmp_structureelements` (`id`, `structureId`, `elementId`, `root`, `lft`, `rgt`, `level`, `dateCreated`, `dateUpdated`, `uid`) VALUES ('4', '2', '49', '1', '7', '8', '2', '2015-10-04 19:35:39', '2015-10-04 19:35:39', 'e7383e90-ce43-4949-a5a5-79830f2c8cb6');
INSERT INTO `tmp_structureelements` (`id`, `structureId`, `elementId`, `root`, `lft`, `rgt`, `level`, `dateCreated`, `dateUpdated`, `uid`) VALUES ('6', '2', '51', '1', '9', '10', '2', '2015-10-04 19:36:04', '2015-10-04 19:36:04', 'cddfa2ee-73f2-42c4-8a8a-b903dd6c3c3b');
INSERT INTO `tmp_structureelements` (`id`, `structureId`, `elementId`, `root`, `lft`, `rgt`, `level`, `dateCreated`, `dateUpdated`, `uid`) VALUES ('7', '2', '52', '1', '2', '11', '1', '2015-10-04 20:02:32', '2015-10-04 20:02:32', 'ff822178-6307-4384-89b7-7894b32e6ba5');
INSERT INTO `tmp_structureelements` (`id`, `structureId`, `elementId`, `root`, `lft`, `rgt`, `level`, `dateCreated`, `dateUpdated`, `uid`) VALUES ('8', '2', '53', '1', '12', '29', '1', '2015-10-04 20:06:12', '2015-10-04 20:06:12', '33e98b39-6c0d-46fb-88bf-82c2aa4cd063');
INSERT INTO `tmp_structureelements` (`id`, `structureId`, `elementId`, `root`, `lft`, `rgt`, `level`, `dateCreated`, `dateUpdated`, `uid`) VALUES ('9', '2', '54', '1', '13', '14', '2', '2015-10-04 20:06:19', '2015-10-04 20:06:19', '06c22487-a13e-433d-a90e-5532ab41c7ca');
INSERT INTO `tmp_structureelements` (`id`, `structureId`, `elementId`, `root`, `lft`, `rgt`, `level`, `dateCreated`, `dateUpdated`, `uid`) VALUES ('10', '2', '55', '1', '15', '16', '2', '2015-10-04 20:06:23', '2015-10-04 20:06:23', '60b0a643-02ba-4184-806d-9b5637e1e341');
INSERT INTO `tmp_structureelements` (`id`, `structureId`, `elementId`, `root`, `lft`, `rgt`, `level`, `dateCreated`, `dateUpdated`, `uid`) VALUES ('11', '2', '56', '1', '17', '18', '2', '2015-10-04 20:06:26', '2015-10-04 20:06:26', 'a05dc129-0985-4c9f-a4e2-b3bca667e23c');
INSERT INTO `tmp_structureelements` (`id`, `structureId`, `elementId`, `root`, `lft`, `rgt`, `level`, `dateCreated`, `dateUpdated`, `uid`) VALUES ('12', '2', '57', '1', '23', '24', '2', '2015-10-04 20:06:30', '2015-10-04 20:06:30', '1213f65c-a7fa-4e19-b460-8dc2957ca5aa');
INSERT INTO `tmp_structureelements` (`id`, `structureId`, `elementId`, `root`, `lft`, `rgt`, `level`, `dateCreated`, `dateUpdated`, `uid`) VALUES ('13', '2', '58', '1', '27', '28', '2', '2015-10-04 20:06:43', '2015-10-04 20:06:43', 'b6fc3dda-b980-4d8c-b87d-aa1bf20bfd86');
INSERT INTO `tmp_structureelements` (`id`, `structureId`, `elementId`, `root`, `lft`, `rgt`, `level`, `dateCreated`, `dateUpdated`, `uid`) VALUES ('15', '2', '61', '1', '25', '26', '2', '2015-10-04 20:14:16', '2015-10-04 20:14:16', '56026504-061a-4d0a-bb61-fbebbc6680a7');
INSERT INTO `tmp_structureelements` (`id`, `structureId`, `elementId`, `root`, `lft`, `rgt`, `level`, `dateCreated`, `dateUpdated`, `uid`) VALUES ('16', '2', '63', '1', '19', '20', '2', '2015-10-06 03:38:33', '2015-10-06 03:38:33', 'c32fda19-6d5b-43e2-a1d0-91179b82f323');
INSERT INTO `tmp_structureelements` (`id`, `structureId`, `elementId`, `root`, `lft`, `rgt`, `level`, `dateCreated`, `dateUpdated`, `uid`) VALUES ('17', '2', '64', '1', '21', '22', '2', '2015-10-06 03:39:22', '2015-10-06 03:39:22', 'ea079a96-eace-4d96-a8ac-2f100ff63a96');



DROP TABLE IF EXISTS `tmp_structures`;


--
-- Schema for table `tmp_structures`
--
CREATE TABLE `tmp_structures` (
  `id` int(11) NOT NULL AUTO_INCREMENT,
  `maxLevels` smallint(6) unsigned DEFAULT NULL,
  `dateCreated` datetime NOT NULL,
  `dateUpdated` datetime NOT NULL,
  `uid` char(36) COLLATE utf8_unicode_ci NOT NULL DEFAULT '0',
  PRIMARY KEY (`id`)
) ENGINE=InnoDB AUTO_INCREMENT=3 DEFAULT CHARSET=utf8 COLLATE=utf8_unicode_ci;

--
-- Data for table `tmp_structures`
--

INSERT INTO `tmp_structures` (`id`, `maxLevels`, `dateCreated`, `dateUpdated`, `uid`) VALUES ('1', NULL, '2015-10-04 19:33:17', '2015-10-04 19:33:17', '6d9ee083-8776-40e3-bed3-f58a688d0b92');
INSERT INTO `tmp_structures` (`id`, `maxLevels`, `dateCreated`, `dateUpdated`, `uid`) VALUES ('2', NULL, '2015-10-04 19:34:41', '2015-10-04 19:57:09', '0ec623d9-7867-47cd-9ac9-3879746f6109');



DROP TABLE IF EXISTS `tmp_systemsettings`;


--
-- Schema for table `tmp_systemsettings`
--
CREATE TABLE `tmp_systemsettings` (
  `id` int(11) NOT NULL AUTO_INCREMENT,
  `category` varchar(15) COLLATE utf8_unicode_ci NOT NULL,
  `settings` text COLLATE utf8_unicode_ci,
  `dateCreated` datetime NOT NULL,
  `dateUpdated` datetime NOT NULL,
  `uid` char(36) COLLATE utf8_unicode_ci NOT NULL DEFAULT '0',
  PRIMARY KEY (`id`),
  UNIQUE KEY `tmp_systemsettings_category_unq_idx` (`category`)
) ENGINE=InnoDB AUTO_INCREMENT=2 DEFAULT CHARSET=utf8 COLLATE=utf8_unicode_ci;

--
-- Data for table `tmp_systemsettings`
--

INSERT INTO `tmp_systemsettings` (`id`, `category`, `settings`, `dateCreated`, `dateUpdated`, `uid`) VALUES ('1', 'email', '{\"protocol\":\"php\",\"emailAddress\":\"scot.mortimer@gmail.com\",\"senderName\":\"The Modern Proper\"}', '2015-09-01 17:29:53', '2015-09-01 17:29:53', 'e5887016-4286-4f31-8864-07de7785b818');



DROP TABLE IF EXISTS `tmp_taggroups`;


--
-- Schema for table `tmp_taggroups`
--
CREATE TABLE `tmp_taggroups` (
  `id` int(11) NOT NULL AUTO_INCREMENT,
  `name` varchar(255) COLLATE utf8_unicode_ci NOT NULL,
  `handle` varchar(255) COLLATE utf8_unicode_ci NOT NULL,
  `fieldLayoutId` int(10) DEFAULT NULL,
  `dateCreated` datetime NOT NULL,
  `dateUpdated` datetime NOT NULL,
  `uid` char(36) COLLATE utf8_unicode_ci NOT NULL DEFAULT '0',
  PRIMARY KEY (`id`),
  UNIQUE KEY `tmp_taggroups_name_unq_idx` (`name`),
  UNIQUE KEY `tmp_taggroups_handle_unq_idx` (`handle`),
  KEY `tmp_taggroups_fieldLayoutId_fk` (`fieldLayoutId`)
) ENGINE=InnoDB AUTO_INCREMENT=2 DEFAULT CHARSET=utf8 COLLATE=utf8_unicode_ci;

--
-- Data for table `tmp_taggroups`
--

INSERT INTO `tmp_taggroups` (`id`, `name`, `handle`, `fieldLayoutId`, `dateCreated`, `dateUpdated`, `uid`) VALUES ('1', 'Default', 'default', '1', '2015-09-01 17:29:53', '2015-09-01 17:29:53', 'ef3ebed0-2e3f-45ce-b939-7567bcc06642');



DROP TABLE IF EXISTS `tmp_tags`;


--
-- Schema for table `tmp_tags`
--
CREATE TABLE `tmp_tags` (
  `id` int(11) NOT NULL,
  `groupId` int(11) NOT NULL,
  `dateCreated` datetime NOT NULL,
  `dateUpdated` datetime NOT NULL,
  `uid` char(36) COLLATE utf8_unicode_ci NOT NULL DEFAULT '0',
  PRIMARY KEY (`id`),
  KEY `tmp_tags_groupId_fk` (`groupId`)
) ENGINE=InnoDB DEFAULT CHARSET=utf8 COLLATE=utf8_unicode_ci;

DROP TABLE IF EXISTS `tmp_tasks`;


--
-- Schema for table `tmp_tasks`
--
CREATE TABLE `tmp_tasks` (
  `id` int(11) NOT NULL AUTO_INCREMENT,
  `root` int(11) unsigned DEFAULT NULL,
  `lft` int(11) unsigned NOT NULL,
  `rgt` int(11) unsigned NOT NULL,
  `level` smallint(6) unsigned NOT NULL,
  `currentStep` int(11) unsigned DEFAULT NULL,
  `totalSteps` int(11) unsigned DEFAULT NULL,
  `status` enum('pending','error','running') COLLATE utf8_unicode_ci DEFAULT NULL,
  `type` varchar(150) COLLATE utf8_unicode_ci NOT NULL,
  `description` varchar(255) COLLATE utf8_unicode_ci DEFAULT NULL,
  `settings` text COLLATE utf8_unicode_ci,
  `dateCreated` datetime NOT NULL,
  `dateUpdated` datetime NOT NULL,
  `uid` char(36) COLLATE utf8_unicode_ci NOT NULL DEFAULT '0',
  PRIMARY KEY (`id`),
  KEY `tmp_tasks_root_idx` (`root`),
  KEY `tmp_tasks_lft_idx` (`lft`),
  KEY `tmp_tasks_rgt_idx` (`rgt`),
  KEY `tmp_tasks_level_idx` (`level`)
) ENGINE=InnoDB AUTO_INCREMENT=32 DEFAULT CHARSET=utf8 COLLATE=utf8_unicode_ci;

DROP TABLE IF EXISTS `tmp_templatecachecriteria`;


--
-- Schema for table `tmp_templatecachecriteria`
--
CREATE TABLE `tmp_templatecachecriteria` (
  `id` int(11) NOT NULL AUTO_INCREMENT,
  `cacheId` int(11) NOT NULL,
  `type` varchar(150) COLLATE utf8_unicode_ci NOT NULL,
  `criteria` text COLLATE utf8_unicode_ci NOT NULL,
  PRIMARY KEY (`id`),
  KEY `tmp_templatecachecriteria_cacheId_fk` (`cacheId`),
  KEY `tmp_templatecachecriteria_type_idx` (`type`)
) ENGINE=InnoDB DEFAULT CHARSET=utf8 COLLATE=utf8_unicode_ci;

DROP TABLE IF EXISTS `tmp_templatecacheelements`;


--
-- Schema for table `tmp_templatecacheelements`
--
CREATE TABLE `tmp_templatecacheelements` (
  `cacheId` int(11) NOT NULL,
  `elementId` int(11) NOT NULL,
  KEY `tmp_templatecacheelements_cacheId_fk` (`cacheId`),
  KEY `tmp_templatecacheelements_elementId_fk` (`elementId`)
) ENGINE=InnoDB DEFAULT CHARSET=utf8 COLLATE=utf8_unicode_ci;

DROP TABLE IF EXISTS `tmp_templatecaches`;


--
-- Schema for table `tmp_templatecaches`
--
CREATE TABLE `tmp_templatecaches` (
  `id` int(11) NOT NULL AUTO_INCREMENT,
  `cacheKey` varchar(255) COLLATE utf8_unicode_ci NOT NULL,
  `locale` char(12) COLLATE utf8_unicode_ci NOT NULL,
  `path` varchar(255) COLLATE utf8_unicode_ci DEFAULT NULL,
  `expiryDate` datetime NOT NULL,
  `body` mediumtext COLLATE utf8_unicode_ci NOT NULL,
  PRIMARY KEY (`id`),
  KEY `tmp_templatecaches_expiryDate_cacheKey_locale_path_idx` (`expiryDate`,`cacheKey`,`locale`,`path`),
  KEY `tmp_templatecaches_locale_fk` (`locale`)
) ENGINE=InnoDB DEFAULT CHARSET=utf8 COLLATE=utf8_unicode_ci;

DROP TABLE IF EXISTS `tmp_tokens`;


--
-- Schema for table `tmp_tokens`
--
CREATE TABLE `tmp_tokens` (
  `id` int(11) NOT NULL AUTO_INCREMENT,
  `token` char(32) COLLATE utf8_unicode_ci NOT NULL,
  `route` text COLLATE utf8_unicode_ci,
  `usageLimit` tinyint(3) unsigned DEFAULT NULL,
  `usageCount` tinyint(3) unsigned DEFAULT NULL,
  `expiryDate` datetime NOT NULL,
  `dateCreated` datetime NOT NULL,
  `dateUpdated` datetime NOT NULL,
  `uid` char(36) COLLATE utf8_unicode_ci NOT NULL DEFAULT '0',
  PRIMARY KEY (`id`),
  UNIQUE KEY `tmp_tokens_token_unq_idx` (`token`),
  KEY `tmp_tokens_expiryDate_idx` (`expiryDate`)
) ENGINE=InnoDB DEFAULT CHARSET=utf8 COLLATE=utf8_unicode_ci;

DROP TABLE IF EXISTS `tmp_usergroups`;


--
-- Schema for table `tmp_usergroups`
--
CREATE TABLE `tmp_usergroups` (
  `id` int(11) NOT NULL AUTO_INCREMENT,
  `name` varchar(255) COLLATE utf8_unicode_ci NOT NULL,
  `handle` varchar(255) COLLATE utf8_unicode_ci NOT NULL,
  `dateCreated` datetime NOT NULL,
  `dateUpdated` datetime NOT NULL,
  `uid` char(36) COLLATE utf8_unicode_ci NOT NULL DEFAULT '0',
  PRIMARY KEY (`id`)
) ENGINE=InnoDB DEFAULT CHARSET=utf8 COLLATE=utf8_unicode_ci;

DROP TABLE IF EXISTS `tmp_usergroups_users`;


--
-- Schema for table `tmp_usergroups_users`
--
CREATE TABLE `tmp_usergroups_users` (
  `id` int(11) NOT NULL AUTO_INCREMENT,
  `groupId` int(11) NOT NULL,
  `userId` int(11) NOT NULL,
  `dateCreated` datetime NOT NULL,
  `dateUpdated` datetime NOT NULL,
  `uid` char(36) COLLATE utf8_unicode_ci NOT NULL DEFAULT '0',
  PRIMARY KEY (`id`),
  UNIQUE KEY `tmp_usergroups_users_groupId_userId_unq_idx` (`groupId`,`userId`),
  KEY `tmp_usergroups_users_userId_fk` (`userId`)
) ENGINE=InnoDB DEFAULT CHARSET=utf8 COLLATE=utf8_unicode_ci;

DROP TABLE IF EXISTS `tmp_userpermissions`;


--
-- Schema for table `tmp_userpermissions`
--
CREATE TABLE `tmp_userpermissions` (
  `id` int(11) NOT NULL AUTO_INCREMENT,
  `name` varchar(255) COLLATE utf8_unicode_ci NOT NULL,
  `dateCreated` datetime NOT NULL,
  `dateUpdated` datetime NOT NULL,
  `uid` char(36) COLLATE utf8_unicode_ci NOT NULL DEFAULT '0',
  PRIMARY KEY (`id`),
  UNIQUE KEY `tmp_userpermissions_name_unq_idx` (`name`)
) ENGINE=InnoDB DEFAULT CHARSET=utf8 COLLATE=utf8_unicode_ci;

DROP TABLE IF EXISTS `tmp_userpermissions_usergroups`;


--
-- Schema for table `tmp_userpermissions_usergroups`
--
CREATE TABLE `tmp_userpermissions_usergroups` (
  `id` int(11) NOT NULL AUTO_INCREMENT,
  `permissionId` int(11) NOT NULL,
  `groupId` int(11) NOT NULL,
  `dateCreated` datetime NOT NULL,
  `dateUpdated` datetime NOT NULL,
  `uid` char(36) COLLATE utf8_unicode_ci NOT NULL DEFAULT '0',
  PRIMARY KEY (`id`),
  UNIQUE KEY `tmp_userpermissions_usergroups_permissionId_groupId_unq_idx` (`permissionId`,`groupId`),
  KEY `tmp_userpermissions_usergroups_groupId_fk` (`groupId`)
) ENGINE=InnoDB DEFAULT CHARSET=utf8 COLLATE=utf8_unicode_ci;

DROP TABLE IF EXISTS `tmp_userpermissions_users`;


--
-- Schema for table `tmp_userpermissions_users`
--
CREATE TABLE `tmp_userpermissions_users` (
  `id` int(11) NOT NULL AUTO_INCREMENT,
  `permissionId` int(11) NOT NULL,
  `userId` int(11) NOT NULL,
  `dateCreated` datetime NOT NULL,
  `dateUpdated` datetime NOT NULL,
  `uid` char(36) COLLATE utf8_unicode_ci NOT NULL DEFAULT '0',
  PRIMARY KEY (`id`),
  UNIQUE KEY `tmp_userpermissions_users_permissionId_userId_unq_idx` (`permissionId`,`userId`),
  KEY `tmp_userpermissions_users_userId_fk` (`userId`)
) ENGINE=InnoDB DEFAULT CHARSET=utf8 COLLATE=utf8_unicode_ci;

DROP TABLE IF EXISTS `tmp_users`;


--
-- Schema for table `tmp_users`
--
CREATE TABLE `tmp_users` (
  `id` int(11) NOT NULL,
  `username` varchar(100) COLLATE utf8_unicode_ci NOT NULL,
  `photo` varchar(100) COLLATE utf8_unicode_ci DEFAULT NULL,
  `firstName` varchar(100) COLLATE utf8_unicode_ci DEFAULT NULL,
  `lastName` varchar(100) COLLATE utf8_unicode_ci DEFAULT NULL,
  `email` varchar(255) COLLATE utf8_unicode_ci NOT NULL,
  `password` char(255) COLLATE utf8_unicode_ci DEFAULT NULL,
  `preferredLocale` char(12) COLLATE utf8_unicode_ci DEFAULT NULL,
  `weekStartDay` tinyint(1) unsigned NOT NULL DEFAULT '0',
  `admin` tinyint(1) unsigned NOT NULL DEFAULT '0',
  `client` tinyint(1) unsigned NOT NULL DEFAULT '0',
  `locked` tinyint(1) unsigned NOT NULL DEFAULT '0',
  `suspended` tinyint(1) unsigned NOT NULL DEFAULT '0',
  `pending` tinyint(1) unsigned NOT NULL DEFAULT '0',
  `archived` tinyint(1) unsigned NOT NULL DEFAULT '0',
  `lastLoginDate` datetime DEFAULT NULL,
  `lastLoginAttemptIPAddress` varchar(45) COLLATE utf8_unicode_ci DEFAULT NULL,
  `invalidLoginWindowStart` datetime DEFAULT NULL,
  `invalidLoginCount` tinyint(4) unsigned DEFAULT NULL,
  `lastInvalidLoginDate` datetime DEFAULT NULL,
  `lockoutDate` datetime DEFAULT NULL,
  `verificationCode` char(100) COLLATE utf8_unicode_ci DEFAULT NULL,
  `verificationCodeIssuedDate` datetime DEFAULT NULL,
  `unverifiedEmail` varchar(255) COLLATE utf8_unicode_ci DEFAULT NULL,
  `passwordResetRequired` tinyint(1) unsigned NOT NULL DEFAULT '0',
  `lastPasswordChangeDate` datetime DEFAULT NULL,
  `dateCreated` datetime NOT NULL,
  `dateUpdated` datetime NOT NULL,
  `uid` char(36) COLLATE utf8_unicode_ci NOT NULL DEFAULT '0',
  PRIMARY KEY (`id`),
  UNIQUE KEY `tmp_users_username_unq_idx` (`username`),
  UNIQUE KEY `tmp_users_email_unq_idx` (`email`),
  KEY `tmp_users_verificationCode_idx` (`verificationCode`),
  KEY `tmp_users_uid_idx` (`uid`),
  KEY `tmp_users_preferredLocale_fk` (`preferredLocale`)
) ENGINE=InnoDB DEFAULT CHARSET=utf8 COLLATE=utf8_unicode_ci;

--
-- Data for table `tmp_users`
--

INSERT INTO `tmp_users` (`id`, `username`, `photo`, `firstName`, `lastName`, `email`, `password`, `preferredLocale`, `weekStartDay`, `admin`, `client`, `locked`, `suspended`, `pending`, `archived`, `lastLoginDate`, `lastLoginAttemptIPAddress`, `invalidLoginWindowStart`, `invalidLoginCount`, `lastInvalidLoginDate`, `lockoutDate`, `verificationCode`, `verificationCodeIssuedDate`, `unverifiedEmail`, `passwordResetRequired`, `lastPasswordChangeDate`, `dateCreated`, `dateUpdated`, `uid`) VALUES ('1', 'admin', NULL, NULL, NULL, 'scot.mortimer@gmail.com', '$2y$13$k16gkmM9Z5caYN0o9EpGOe861WE4yiIMTI7xYkIYW9bfHCUf2eJjG', NULL, '0', '1', '0', '0', '0', '0', '0', '2015-10-09 23:58:04', '::1', NULL, NULL, '2015-10-09 06:48:54', NULL, NULL, NULL, NULL, '0', '2015-09-01 17:29:50', '2015-09-01 17:29:50', '2015-10-09 23:58:04', '6d1504cd-c61f-4eac-9f88-bf6d4af0d88b');



DROP TABLE IF EXISTS `tmp_widgets`;


--
-- Schema for table `tmp_widgets`
--
CREATE TABLE `tmp_widgets` (
  `id` int(11) NOT NULL AUTO_INCREMENT,
  `userId` int(11) NOT NULL,
  `type` varchar(150) COLLATE utf8_unicode_ci NOT NULL,
  `sortOrder` tinyint(4) DEFAULT NULL,
  `settings` text COLLATE utf8_unicode_ci,
  `enabled` tinyint(1) unsigned NOT NULL DEFAULT '1',
  `dateCreated` datetime NOT NULL,
  `dateUpdated` datetime NOT NULL,
  `uid` char(36) COLLATE utf8_unicode_ci NOT NULL DEFAULT '0',
  PRIMARY KEY (`id`),
  KEY `tmp_widgets_userId_fk` (`userId`)
) ENGINE=InnoDB AUTO_INCREMENT=5 DEFAULT CHARSET=utf8 COLLATE=utf8_unicode_ci;

--
-- Data for table `tmp_widgets`
--

INSERT INTO `tmp_widgets` (`id`, `userId`, `type`, `sortOrder`, `settings`, `enabled`, `dateCreated`, `dateUpdated`, `uid`) VALUES ('1', '1', 'RecentEntries', '1', NULL, '1', '2015-09-01 17:30:04', '2015-09-01 17:30:04', 'ee5e0a0a-3091-41d3-a05f-ddab831bd292');
INSERT INTO `tmp_widgets` (`id`, `userId`, `type`, `sortOrder`, `settings`, `enabled`, `dateCreated`, `dateUpdated`, `uid`) VALUES ('2', '1', 'GetHelp', '2', NULL, '0', '2015-09-01 17:30:04', '2015-09-01 17:32:19', 'd7a0c2f7-498f-4119-9117-2517b93dacc3');
INSERT INTO `tmp_widgets` (`id`, `userId`, `type`, `sortOrder`, `settings`, `enabled`, `dateCreated`, `dateUpdated`, `uid`) VALUES ('3', '1', 'Updates', '3', NULL, '1', '2015-09-01 17:30:04', '2015-09-01 17:30:04', 'b33f8859-bff1-47a6-b97d-153aa7ccaf77');
INSERT INTO `tmp_widgets` (`id`, `userId`, `type`, `sortOrder`, `settings`, `enabled`, `dateCreated`, `dateUpdated`, `uid`) VALUES ('4', '1', 'Feed', '4', '{\"url\":\"http:\\/\\/feeds.feedburner.com\\/blogandtonic\",\"title\":\"Blog & Tonic\"}', '0', '2015-09-01 17:30:04', '2015-09-01 17:32:21', '8e11ea33-272d-45bc-b969-7967195c8368');


--
-- Constraints for tables
--


--
-- Constraints for table `tmp_assetfiles`
--
ALTER TABLE `tmp_assetfiles`
	ADD CONSTRAINT `tmp_assetfiles_folderId_fk` FOREIGN KEY (`folderId`) REFERENCES `tmp_assetfolders` (`id`) ON DELETE CASCADE,
	ADD CONSTRAINT `tmp_assetfiles_id_fk` FOREIGN KEY (`id`) REFERENCES `tmp_elements` (`id`) ON DELETE CASCADE,
	ADD CONSTRAINT `tmp_assetfiles_sourceId_fk` FOREIGN KEY (`sourceId`) REFERENCES `tmp_assetsources` (`id`) ON DELETE CASCADE;

--
-- Constraints for table `tmp_assetfolders`
--
ALTER TABLE `tmp_assetfolders`
	ADD CONSTRAINT `tmp_assetfolders_parentId_fk` FOREIGN KEY (`parentId`) REFERENCES `tmp_assetfolders` (`id`) ON DELETE CASCADE,
	ADD CONSTRAINT `tmp_assetfolders_sourceId_fk` FOREIGN KEY (`sourceId`) REFERENCES `tmp_assetsources` (`id`) ON DELETE CASCADE;

--
-- Constraints for table `tmp_assetindexdata`
--
ALTER TABLE `tmp_assetindexdata`
	ADD CONSTRAINT `tmp_assetindexdata_sourceId_fk` FOREIGN KEY (`sourceId`) REFERENCES `tmp_assetsources` (`id`) ON DELETE CASCADE;

--
-- Constraints for table `tmp_assetsources`
--
ALTER TABLE `tmp_assetsources`
	ADD CONSTRAINT `tmp_assetsources_fieldLayoutId_fk` FOREIGN KEY (`fieldLayoutId`) REFERENCES `tmp_fieldlayouts` (`id`) ON DELETE SET NULL;

--
-- Constraints for table `tmp_categories`
--
ALTER TABLE `tmp_categories`
	ADD CONSTRAINT `tmp_categories_groupId_fk` FOREIGN KEY (`groupId`) REFERENCES `tmp_categorygroups` (`id`) ON DELETE CASCADE,
	ADD CONSTRAINT `tmp_categories_id_fk` FOREIGN KEY (`id`) REFERENCES `tmp_elements` (`id`) ON DELETE CASCADE;

--
-- Constraints for table `tmp_categorygroups`
--
ALTER TABLE `tmp_categorygroups`
	ADD CONSTRAINT `tmp_categorygroups_fieldLayoutId_fk` FOREIGN KEY (`fieldLayoutId`) REFERENCES `tmp_fieldlayouts` (`id`) ON DELETE SET NULL,
	ADD CONSTRAINT `tmp_categorygroups_structureId_fk` FOREIGN KEY (`structureId`) REFERENCES `tmp_structures` (`id`) ON DELETE CASCADE;

--
-- Constraints for table `tmp_categorygroups_i18n`
--
ALTER TABLE `tmp_categorygroups_i18n`
	ADD CONSTRAINT `tmp_categorygroups_i18n_groupId_fk` FOREIGN KEY (`groupId`) REFERENCES `tmp_categorygroups` (`id`) ON DELETE CASCADE,
	ADD CONSTRAINT `tmp_categorygroups_i18n_locale_fk` FOREIGN KEY (`locale`) REFERENCES `tmp_locales` (`locale`) ON DELETE CASCADE ON UPDATE CASCADE;

--
-- Constraints for table `tmp_content`
--
ALTER TABLE `tmp_content`
	ADD CONSTRAINT `tmp_content_elementId_fk` FOREIGN KEY (`elementId`) REFERENCES `tmp_elements` (`id`) ON DELETE CASCADE,
	ADD CONSTRAINT `tmp_content_locale_fk` FOREIGN KEY (`locale`) REFERENCES `tmp_locales` (`locale`) ON DELETE CASCADE ON UPDATE CASCADE;

--
-- Constraints for table `tmp_elements_i18n`
--
ALTER TABLE `tmp_elements_i18n`
	ADD CONSTRAINT `tmp_elements_i18n_elementId_fk` FOREIGN KEY (`elementId`) REFERENCES `tmp_elements` (`id`) ON DELETE CASCADE,
	ADD CONSTRAINT `tmp_elements_i18n_locale_fk` FOREIGN KEY (`locale`) REFERENCES `tmp_locales` (`locale`) ON DELETE CASCADE ON UPDATE CASCADE;

--
-- Constraints for table `tmp_emailmessages`
--
ALTER TABLE `tmp_emailmessages`
	ADD CONSTRAINT `tmp_emailmessages_locale_fk` FOREIGN KEY (`locale`) REFERENCES `tmp_locales` (`locale`) ON DELETE CASCADE ON UPDATE CASCADE;

--
-- Constraints for table `tmp_entries`
--
ALTER TABLE `tmp_entries`
	ADD CONSTRAINT `tmp_entries_authorId_fk` FOREIGN KEY (`authorId`) REFERENCES `tmp_users` (`id`) ON DELETE CASCADE,
	ADD CONSTRAINT `tmp_entries_id_fk` FOREIGN KEY (`id`) REFERENCES `tmp_elements` (`id`) ON DELETE CASCADE,
	ADD CONSTRAINT `tmp_entries_sectionId_fk` FOREIGN KEY (`sectionId`) REFERENCES `tmp_sections` (`id`) ON DELETE CASCADE,
	ADD CONSTRAINT `tmp_entries_typeId_fk` FOREIGN KEY (`typeId`) REFERENCES `tmp_entrytypes` (`id`) ON DELETE CASCADE;

--
-- Constraints for table `tmp_entrydrafts`
--
ALTER TABLE `tmp_entrydrafts`
	ADD CONSTRAINT `tmp_entrydrafts_creatorId_fk` FOREIGN KEY (`creatorId`) REFERENCES `tmp_users` (`id`) ON DELETE CASCADE,
	ADD CONSTRAINT `tmp_entrydrafts_entryId_fk` FOREIGN KEY (`entryId`) REFERENCES `tmp_entries` (`id`) ON DELETE CASCADE,
	ADD CONSTRAINT `tmp_entrydrafts_locale_fk` FOREIGN KEY (`locale`) REFERENCES `tmp_locales` (`locale`) ON DELETE CASCADE ON UPDATE CASCADE,
	ADD CONSTRAINT `tmp_entrydrafts_sectionId_fk` FOREIGN KEY (`sectionId`) REFERENCES `tmp_sections` (`id`) ON DELETE CASCADE;

--
-- Constraints for table `tmp_entrytypes`
--
ALTER TABLE `tmp_entrytypes`
	ADD CONSTRAINT `tmp_entrytypes_fieldLayoutId_fk` FOREIGN KEY (`fieldLayoutId`) REFERENCES `tmp_fieldlayouts` (`id`) ON DELETE SET NULL,
	ADD CONSTRAINT `tmp_entrytypes_sectionId_fk` FOREIGN KEY (`sectionId`) REFERENCES `tmp_sections` (`id`) ON DELETE CASCADE;

--
-- Constraints for table `tmp_entryversions`
--
ALTER TABLE `tmp_entryversions`
	ADD CONSTRAINT `tmp_entryversions_creatorId_fk` FOREIGN KEY (`creatorId`) REFERENCES `tmp_users` (`id`) ON DELETE SET NULL,
	ADD CONSTRAINT `tmp_entryversions_entryId_fk` FOREIGN KEY (`entryId`) REFERENCES `tmp_entries` (`id`) ON DELETE CASCADE,
	ADD CONSTRAINT `tmp_entryversions_locale_fk` FOREIGN KEY (`locale`) REFERENCES `tmp_locales` (`locale`) ON DELETE CASCADE ON UPDATE CASCADE,
	ADD CONSTRAINT `tmp_entryversions_sectionId_fk` FOREIGN KEY (`sectionId`) REFERENCES `tmp_sections` (`id`) ON DELETE CASCADE;

--
-- Constraints for table `tmp_fieldlayoutfields`
--
ALTER TABLE `tmp_fieldlayoutfields`
	ADD CONSTRAINT `tmp_fieldlayoutfields_fieldId_fk` FOREIGN KEY (`fieldId`) REFERENCES `tmp_fields` (`id`) ON DELETE CASCADE,
	ADD CONSTRAINT `tmp_fieldlayoutfields_layoutId_fk` FOREIGN KEY (`layoutId`) REFERENCES `tmp_fieldlayouts` (`id`) ON DELETE CASCADE,
	ADD CONSTRAINT `tmp_fieldlayoutfields_tabId_fk` FOREIGN KEY (`tabId`) REFERENCES `tmp_fieldlayouttabs` (`id`) ON DELETE CASCADE;

--
-- Constraints for table `tmp_fieldlayouttabs`
--
ALTER TABLE `tmp_fieldlayouttabs`
	ADD CONSTRAINT `tmp_fieldlayouttabs_layoutId_fk` FOREIGN KEY (`layoutId`) REFERENCES `tmp_fieldlayouts` (`id`) ON DELETE CASCADE;

--
-- Constraints for table `tmp_fields`
--
ALTER TABLE `tmp_fields`
	ADD CONSTRAINT `tmp_fields_groupId_fk` FOREIGN KEY (`groupId`) REFERENCES `tmp_fieldgroups` (`id`) ON DELETE CASCADE;

--
-- Constraints for table `tmp_globalsets`
--
ALTER TABLE `tmp_globalsets`
	ADD CONSTRAINT `tmp_globalsets_fieldLayoutId_fk` FOREIGN KEY (`fieldLayoutId`) REFERENCES `tmp_fieldlayouts` (`id`) ON DELETE SET NULL,
	ADD CONSTRAINT `tmp_globalsets_id_fk` FOREIGN KEY (`id`) REFERENCES `tmp_elements` (`id`) ON DELETE CASCADE;

--
-- Constraints for table `tmp_matrixblocks`
--
ALTER TABLE `tmp_matrixblocks`
	ADD CONSTRAINT `tmp_matrixblocks_fieldId_fk` FOREIGN KEY (`fieldId`) REFERENCES `tmp_fields` (`id`) ON DELETE CASCADE,
	ADD CONSTRAINT `tmp_matrixblocks_id_fk` FOREIGN KEY (`id`) REFERENCES `tmp_elements` (`id`) ON DELETE CASCADE,
	ADD CONSTRAINT `tmp_matrixblocks_ownerId_fk` FOREIGN KEY (`ownerId`) REFERENCES `tmp_elements` (`id`) ON DELETE CASCADE,
	ADD CONSTRAINT `tmp_matrixblocks_ownerLocale_fk` FOREIGN KEY (`ownerLocale`) REFERENCES `tmp_locales` (`locale`) ON DELETE CASCADE ON UPDATE CASCADE,
	ADD CONSTRAINT `tmp_matrixblocks_typeId_fk` FOREIGN KEY (`typeId`) REFERENCES `tmp_matrixblocktypes` (`id`) ON DELETE CASCADE;

--
-- Constraints for table `tmp_matrixblocktypes`
--
ALTER TABLE `tmp_matrixblocktypes`
	ADD CONSTRAINT `tmp_matrixblocktypes_fieldId_fk` FOREIGN KEY (`fieldId`) REFERENCES `tmp_fields` (`id`) ON DELETE CASCADE,
	ADD CONSTRAINT `tmp_matrixblocktypes_fieldLayoutId_fk` FOREIGN KEY (`fieldLayoutId`) REFERENCES `tmp_fieldlayouts` (`id`) ON DELETE SET NULL;

--
-- Constraints for table `tmp_matrixcontent_featuredposts`
--
ALTER TABLE `tmp_matrixcontent_featuredposts`
	ADD CONSTRAINT `tmp_matrixcontent_featuredposts_elementId_fk` FOREIGN KEY (`elementId`) REFERENCES `tmp_elements` (`id`) ON DELETE CASCADE,
	ADD CONSTRAINT `tmp_matrixcontent_featuredposts_locale_fk` FOREIGN KEY (`locale`) REFERENCES `tmp_locales` (`locale`) ON DELETE CASCADE ON UPDATE CASCADE;

--
-- Constraints for table `tmp_matrixcontent_instructionstep`
--
ALTER TABLE `tmp_matrixcontent_instructionstep`
	ADD CONSTRAINT `tmp_matrixcontent_instructionstep_elementId_fk` FOREIGN KEY (`elementId`) REFERENCES `tmp_elements` (`id`) ON DELETE CASCADE,
	ADD CONSTRAINT `tmp_matrixcontent_instructionstep_locale_fk` FOREIGN KEY (`locale`) REFERENCES `tmp_locales` (`locale`) ON DELETE CASCADE ON UPDATE CASCADE;

--
-- Constraints for table `tmp_matrixcontent_navigationitems`
--
ALTER TABLE `tmp_matrixcontent_navigationitems`
	ADD CONSTRAINT `tmp_matrixcontent_navigationitems_elementId_fk` FOREIGN KEY (`elementId`) REFERENCES `tmp_elements` (`id`) ON DELETE CASCADE,
	ADD CONSTRAINT `tmp_matrixcontent_navigationitems_locale_fk` FOREIGN KEY (`locale`) REFERENCES `tmp_locales` (`locale`) ON DELETE CASCADE ON UPDATE CASCADE;

--
-- Constraints for table `tmp_matrixcontent_postbuilder`
--
ALTER TABLE `tmp_matrixcontent_postbuilder`
	ADD CONSTRAINT `tmp_matrixcontent_postbuilder_elementId_fk` FOREIGN KEY (`elementId`) REFERENCES `tmp_elements` (`id`) ON DELETE CASCADE,
	ADD CONSTRAINT `tmp_matrixcontent_postbuilder_locale_fk` FOREIGN KEY (`locale`) REFERENCES `tmp_locales` (`locale`) ON DELETE CASCADE ON UPDATE CASCADE;

--
-- Constraints for table `tmp_migrations`
--
ALTER TABLE `tmp_migrations`
	ADD CONSTRAINT `tmp_migrations_pluginId_fk` FOREIGN KEY (`pluginId`) REFERENCES `tmp_plugins` (`id`) ON DELETE CASCADE;

--
-- Constraints for table `tmp_relations`
--
ALTER TABLE `tmp_relations`
	ADD CONSTRAINT `tmp_relations_fieldId_fk` FOREIGN KEY (`fieldId`) REFERENCES `tmp_fields` (`id`) ON DELETE CASCADE,
	ADD CONSTRAINT `tmp_relations_sourceId_fk` FOREIGN KEY (`sourceId`) REFERENCES `tmp_elements` (`id`) ON DELETE CASCADE,
	ADD CONSTRAINT `tmp_relations_sourceLocale_fk` FOREIGN KEY (`sourceLocale`) REFERENCES `tmp_locales` (`locale`) ON DELETE CASCADE ON UPDATE CASCADE,
	ADD CONSTRAINT `tmp_relations_targetId_fk` FOREIGN KEY (`targetId`) REFERENCES `tmp_elements` (`id`) ON DELETE CASCADE;

--
-- Constraints for table `tmp_routes`
--
ALTER TABLE `tmp_routes`
	ADD CONSTRAINT `tmp_routes_locale_fk` FOREIGN KEY (`locale`) REFERENCES `tmp_locales` (`locale`) ON DELETE CASCADE ON UPDATE CASCADE;

--
-- Constraints for table `tmp_sections`
--
ALTER TABLE `tmp_sections`
	ADD CONSTRAINT `tmp_sections_structureId_fk` FOREIGN KEY (`structureId`) REFERENCES `tmp_structures` (`id`) ON DELETE SET NULL;

--
-- Constraints for table `tmp_sections_i18n`
--
ALTER TABLE `tmp_sections_i18n`
	ADD CONSTRAINT `tmp_sections_i18n_locale_fk` FOREIGN KEY (`locale`) REFERENCES `tmp_locales` (`locale`) ON DELETE CASCADE ON UPDATE CASCADE,
	ADD CONSTRAINT `tmp_sections_i18n_sectionId_fk` FOREIGN KEY (`sectionId`) REFERENCES `tmp_sections` (`id`) ON DELETE CASCADE;

--
-- Constraints for table `tmp_sessions`
--
ALTER TABLE `tmp_sessions`
	ADD CONSTRAINT `tmp_sessions_userId_fk` FOREIGN KEY (`userId`) REFERENCES `tmp_users` (`id`) ON DELETE CASCADE;

--
-- Constraints for table `tmp_shunnedmessages`
--
ALTER TABLE `tmp_shunnedmessages`
	ADD CONSTRAINT `tmp_shunnedmessages_userId_fk` FOREIGN KEY (`userId`) REFERENCES `tmp_users` (`id`) ON DELETE CASCADE;

--
-- Constraints for table `tmp_structureelements`
--
ALTER TABLE `tmp_structureelements`
	ADD CONSTRAINT `tmp_structureelements_elementId_fk` FOREIGN KEY (`elementId`) REFERENCES `tmp_elements` (`id`) ON DELETE CASCADE,
	ADD CONSTRAINT `tmp_structureelements_structureId_fk` FOREIGN KEY (`structureId`) REFERENCES `tmp_structures` (`id`) ON DELETE CASCADE;

--
-- Constraints for table `tmp_taggroups`
--
ALTER TABLE `tmp_taggroups`
	ADD CONSTRAINT `tmp_taggroups_fieldLayoutId_fk` FOREIGN KEY (`fieldLayoutId`) REFERENCES `tmp_fieldlayouts` (`id`) ON DELETE SET NULL;

--
-- Constraints for table `tmp_tags`
--
ALTER TABLE `tmp_tags`
	ADD CONSTRAINT `tmp_tags_groupId_fk` FOREIGN KEY (`groupId`) REFERENCES `tmp_taggroups` (`id`) ON DELETE CASCADE,
	ADD CONSTRAINT `tmp_tags_id_fk` FOREIGN KEY (`id`) REFERENCES `tmp_elements` (`id`) ON DELETE CASCADE;

--
-- Constraints for table `tmp_templatecachecriteria`
--
ALTER TABLE `tmp_templatecachecriteria`
	ADD CONSTRAINT `tmp_templatecachecriteria_cacheId_fk` FOREIGN KEY (`cacheId`) REFERENCES `tmp_templatecaches` (`id`) ON DELETE CASCADE;

--
-- Constraints for table `tmp_templatecacheelements`
--
ALTER TABLE `tmp_templatecacheelements`
	ADD CONSTRAINT `tmp_templatecacheelements_cacheId_fk` FOREIGN KEY (`cacheId`) REFERENCES `tmp_templatecaches` (`id`) ON DELETE CASCADE,
	ADD CONSTRAINT `tmp_templatecacheelements_elementId_fk` FOREIGN KEY (`elementId`) REFERENCES `tmp_elements` (`id`) ON DELETE CASCADE;

--
-- Constraints for table `tmp_templatecaches`
--
ALTER TABLE `tmp_templatecaches`
	ADD CONSTRAINT `tmp_templatecaches_locale_fk` FOREIGN KEY (`locale`) REFERENCES `tmp_locales` (`locale`) ON DELETE CASCADE ON UPDATE CASCADE;

--
-- Constraints for table `tmp_usergroups_users`
--
ALTER TABLE `tmp_usergroups_users`
	ADD CONSTRAINT `tmp_usergroups_users_groupId_fk` FOREIGN KEY (`groupId`) REFERENCES `tmp_usergroups` (`id`) ON DELETE CASCADE,
	ADD CONSTRAINT `tmp_usergroups_users_userId_fk` FOREIGN KEY (`userId`) REFERENCES `tmp_users` (`id`) ON DELETE CASCADE;

--
-- Constraints for table `tmp_userpermissions_usergroups`
--
ALTER TABLE `tmp_userpermissions_usergroups`
	ADD CONSTRAINT `tmp_userpermissions_usergroups_groupId_fk` FOREIGN KEY (`groupId`) REFERENCES `tmp_usergroups` (`id`) ON DELETE CASCADE,
	ADD CONSTRAINT `tmp_userpermissions_usergroups_permissionId_fk` FOREIGN KEY (`permissionId`) REFERENCES `tmp_userpermissions` (`id`) ON DELETE CASCADE;

--
-- Constraints for table `tmp_userpermissions_users`
--
ALTER TABLE `tmp_userpermissions_users`
	ADD CONSTRAINT `tmp_userpermissions_users_permissionId_fk` FOREIGN KEY (`permissionId`) REFERENCES `tmp_userpermissions` (`id`) ON DELETE CASCADE,
	ADD CONSTRAINT `tmp_userpermissions_users_userId_fk` FOREIGN KEY (`userId`) REFERENCES `tmp_users` (`id`) ON DELETE CASCADE;

--
-- Constraints for table `tmp_users`
--
ALTER TABLE `tmp_users`
	ADD CONSTRAINT `tmp_users_id_fk` FOREIGN KEY (`id`) REFERENCES `tmp_elements` (`id`) ON DELETE CASCADE,
	ADD CONSTRAINT `tmp_users_preferredLocale_fk` FOREIGN KEY (`preferredLocale`) REFERENCES `tmp_locales` (`locale`) ON DELETE SET NULL ON UPDATE CASCADE;

--
-- Constraints for table `tmp_widgets`
--
ALTER TABLE `tmp_widgets`
	ADD CONSTRAINT `tmp_widgets_userId_fk` FOREIGN KEY (`userId`) REFERENCES `tmp_users` (`id`) ON DELETE CASCADE;

SET FOREIGN_KEY_CHECKS = 1;
